customer_id,customer_name
1,VaLeNtInAKHB
2,EMMa_270
3,EmMA_702
4,LEEbKh
5,dmITrYrwx
6,valEnTInaEEs
7,SUzUKI_592
8,faTimADAA
9,JeaN8696
10,FatImA_467
11,LIAM9287
12,ASEp_889
13,mArie_682
14,ursUlA2913
15,hAnScrD
16,Aliz6X
17,NgoZi_720
18,nOaHGP5
19,jEaN_446
20,mariA4331
21,jian_487
22,FaTIMA7647
23,WEI8237
24,dMitryFrL
25,WeI_940
26,wEIIQc
27,ursULa1114
28,TAKahASHi_681
29,SanTiaGo_683
30,BuDI_465
31,lIam_530
32,SinGh_029
33,JiANNoN
34,hAns5378
35,OLIVer_230
36,haNs8146
37,MArie_462
38,valeNTina_841
39,wEI_759
40,asep_593
41,sinGh5234
42,oLGA_067
43,ALI2757
44,NGOZi2141
45,eMMALb1
46,HANsB78
47,sATO_343
48,AlI_283
49,BaBaTUNDeTp2
50,KiMyv8
51,NoAH_799
52,noAh_299
53,asEP8318
54,AliM6x
55,hAns3555
56,NOAh5473
57,OMaRHn0
58,siNgH3170
59,wei_173
60,OmARdil
61,AlI_504
62,KauR4272
63,Noah8507
64,eMma_329
65,TakahasHi_828
66,KaurSZf
67,MaRIe97Q
68,TakAhAsHI9879
69,sANtIAGo2042
70,noAh6964
71,DmitryRv8
72,DMitrY_861
73,SAntiAGO_833
74,oLiVER_845
75,IvAnGns
76,saTO9131
77,sanTiAGOB5x
78,OLgAQIy
79,urSula_334
80,hANSuaC
81,MArIA_766
82,JEanJrF
83,jOsE_477
84,FANg_373
85,bUdi_113
86,ErikA_024
87,SuzUKi6984
88,SUzUKIXIl
89,erIkA7659
90,sAto_641
91,OLIver_785
92,SaNTIaGo1240
93,kAUrgoQ
94,mAriE4164
95,olIvERFqf
96,kAUr6sF
97,Ali_025
98,JiaN_098
99,jeANViM
100,NoAh_715
101,WeiJJz
102,jean7802
103,ZAki7612
104,ZakI_800
105,OMar_262
106,kIM_434
107,aLi_586
108,OLIViA7682
109,wEiuTc
110,zaKI3440
111,noAhgnt
112,ZAkIgvY
113,aLi3871
114,FAtImA9724
115,iVAn9797
116,SAtox9m
117,HAns_313
118,siNgh4537
119,TAKAhashiphP
120,uRsula_785
121,fatIMa5477
122,AlI4448
123,ZaKI6664
124,vaLEntINA4029
125,JOSE9368
126,zaKi9668
127,SiNGh_066
128,Jose9436
129,WEi_992
130,ZAKIiBG
131,lee8278
132,marIe7443
133,ERIKA852
134,OMAR_301
135,lEetyu
136,jIan5629
137,EMma_496
138,iVanghE
139,VaLenTiNA_985
140,LeEo0k
141,ErIkA_511
142,Jean_348
143,fATImax7i
144,eRIKA3664
145,santiagO_780
146,pArk_274
147,kAur5105
148,jEAn_464
149,taKahaShIhWZ
150,WeIFBB
151,JeAN_985
152,iVANEiT
153,fatIMA9842
154,oLIVer_670
155,KiM_786
156,zAKi_952
157,OmAr8951
158,babAtUNDE_591
159,jEaN4885
160,ErIkA890
161,olIveR_911
162,nGoZI_377
163,JEAnZXE
164,OmAR4kv
165,dmItRY_652
166,ZaKIESX
167,FaTIMa634
168,satoBAX
169,lEE775
170,weI_331
171,bUdi8960
172,AsEpE0Q
173,paRk_345
174,ErIkA_210
175,TAkAhAShI2551
176,WeI_633
177,suZUKILAj
178,wEi4273
179,WEihtB
180,oLgaVCU
181,Zaki_736
182,mArieaLi
183,OMAR_229
184,lEE5148
185,dMitRYQYe
186,BAbAtUNDeIK3
187,ErIKa_164
188,LEe_905
189,LIaM0WZ
190,LEe3003
191,parK_226
192,Lee84T
193,Olga4771
194,SanTiAgo1xg
195,WeI_937
196,OLIViA_482
197,oMaRd2b
198,ZAkI_796
199,santIAGo_697
200,KauRcVU
201,haNS2104
202,olIviA535
203,TAkAhAshijLj
204,Weiwpp
205,AliT5J
206,jIanvdJ
207,ERika_286
208,PaRkZrn
209,oLIvIA7534
210,SuZUKIt0f
211,BaBaTUndekGA
212,PaRK4839
213,JianQHO
214,UrSula694
215,saNTiAGO1245
216,SiNGh5468
217,JIan_513
218,ASep_022
219,VAlEnTInA9537
220,jeAN4645
221,nGOZi_695
222,wEI_320
223,sUZuKI5138
224,iVan2607
225,oLiver_498
226,tAKAhashIHtr
227,dMITRy5Zv
228,lEErlB
229,nOAH9030
230,MariEMWg
231,jEANAdz
232,ivANI5r
233,LEE_688
234,SIngh_025
235,JosE_466
236,SinGh_768
237,MARIA2eg
238,OLGa77e
239,fATimame6
240,NGOZI8051
241,ivan3604
242,DMITrYosu
243,vALeNTina9728
244,FanG_992
245,liamBar
246,NgOZIeAZ
247,erIKA_965
248,suzukI_580
249,olGaVEt
250,vaLenTinA0jT
251,iVAN_664
252,suZUki_410
253,ivAnegX
254,SuzukI_641
255,Olga4639
256,ZaKI_345
257,buDI_813
258,Ali_298
259,ALI50K
260,EmMa8167
261,OmarvzN
262,SATOQeC
263,WEijrm
264,leE6151
265,kAuRkvG
266,SaTOHa3
267,jOsEDpH
268,IVaN_210
269,dMiTryeZe
270,ErikA_574
271,LeEZB1
272,erIka_839
273,JoSeOyV
274,SATo9961
275,ali_753
276,zaKI_556
277,lIAMixL
278,JIAN_534
279,haNs_903
280,DMITry_553
281,fanG_062
282,SATOodF
283,OMarCCp
284,DMITRY280
285,maRiaLiT
286,MARie723
287,erIka5587
288,SAntiAgO_707
289,VaLENTIna1017
290,fAng2943
291,jIAN_211
292,URSULA1ZF
293,JOse6187
294,FaTimAjeD
295,bABAtUNDeiyX
296,URsuLA_578
297,OLIVER_705
298,jIAn7810
299,sUzUki_831
300,SAntiAGo9PX
301,TakAhAshIrgo
302,eRiKa8377
303,zaKI7053
304,ValENTiNA_775
305,BABatundE4115
306,BaBATundE7513
307,kAur_071
308,Budi_646
309,emMa1551
310,aSep4613
311,LiAm_157
312,Ursulakzj
313,mAria797
314,jeAN_747
315,Kim4514
316,JIANJ0h
317,liaMoi4
318,jEan8046
319,buDiSz4
320,LIam1438
321,HAns_914
322,ALi5572
323,KIMhnB
324,ZAKIrvM
325,noAhrZ8
326,fANG5066
327,aLI0pP
328,TAkAhAShI3911
329,oMArOuR
330,sINGhXwN
331,SANTiago9985
332,JoSeM7h
333,omaRHNk
334,KAur_543
335,BuDI_402
336,FANG438
337,ValEnTinA_905
338,liAM5915
339,sAntiAGo943
340,jOse5497
341,maRiaoAn
342,zaKIyGV
343,IVanQXz
344,jIan_199
345,SAto_432
346,eRikA9484
347,KimJaZ
348,SINGH_477
349,lIAm1628
350,PaRK5324
351,BuDI9179
352,WeI_623
353,MARie_042
354,LEE6037
355,ERika_677
356,santiaGoRZ8
357,uRsUla6914
358,ZaKi1290
359,LiAMKpl
360,OlIVIA1pJ
361,jeaN1436
362,suZuKIBcm
363,oLIver_200
364,KIM_088
365,parK1629
366,OmARrPP
367,LEE_680
368,IVan_200
369,eMma9859
370,VaLEnTinaQiW
371,oMaR619
372,OlIvia9268
373,ALi_404
374,SAtOIcT
375,UrSuLA5169
376,omaR_460
377,josE_784
378,ValENTInAbp7
379,SINGHtdF
380,emMa246
381,NgozIP0H
382,lee_326
383,maRievWb
384,OLIVIa4jj
385,BAbatUNde_923
386,nGOzi_167
387,OLivia1295
388,jian_364
389,FanG_009
390,HANsmEk
391,Maria1h6
392,KIM_867
393,jIaN_306
394,ErikAcZT
395,maRiA_804
396,mAriE_124
397,HAns_383
398,eRikA5672
399,aLI521
400,BabaTUnDEUrn
401,FanG_003
402,zakI_336
403,SaNtIago_428
404,Kim_123
405,fanG7048
406,LEE_405
407,taKahaSHIUh0
408,SatO4645
409,EmMA_066
410,sAntiaGO1Fe
411,JIAN_951
412,mARia2526
413,OMAr_154
414,dMiTry4589
415,ASepdPc
416,SUZUki_576
417,TaKahaShi_115
418,lee_344
419,BuDI3423
420,iVan5652
421,HanS76s
422,tAKAhashI_087
423,KAuRnw0
424,eMmAtPt
425,BuDi3Ui
426,LiAM5044
427,SAnTiAGor4F
428,UrSuLa_051
429,saTO_193
430,babATunDE44o
431,EmMab1C
432,BabatUnde7603
433,LiaM9027
434,SUzUKI5061
435,JEAN_414
436,LIAM9244
437,faNG_725
438,iVANM77
439,JIan425
440,MaRIE6951
441,pARk824
442,SiNGh_477
443,kim5019
444,olGAXcT
445,PArkQIX
446,nGozI450
447,JOse9782
448,uRsulavPu
449,SUzUKI_945
450,SAntIAGOxAW
451,ParK_082
452,bUDiZM8
453,aLidBz
454,sATowMo
455,WEiRoI
456,KimevL
457,oLIvIA188
458,uRSuLawi5
459,zAkI_187
460,LIAmbEu
461,SUZUKI8753
462,asEP12P
463,OLivIa_981
464,HanS_138
465,tAkAhashIIZB
466,josE5077
467,LEeMgh
468,jOSEYbq
469,DMiTRYmje
470,SANTiagO_944
471,omarTyS
472,SiNGH_001
473,saNtiaGoNGu
474,liAm_104
475,kAuR_498
476,paRkM5X
477,URSuLaooG
478,sANtiAgO_632
479,URsULa_235
480,DMitryu8N
481,sINgHEDw
482,WeI_615
483,IVan9751
484,saNtIaGO642
485,OLgaKZd
486,Singh5487
487,fANgGFo
488,AlI4477
489,sAntIaGO253
490,NGOZi_871
491,MaRIe5920
492,siNgH_127
493,TAkAhasHI404
494,zakI_179
495,sanTiAGoQsi
496,Budi_622
497,JOsEcTD
498,mArIa_740
499,JOse2680
500,DMItRY8241
