order_id,customer_id,product_id,order_date,quantity,total_price,status
1,177,1,2026-07-17,1,185000,pending
2,352,15,2026-07-21,2,1200000,failed
3,393,22,2026-08-06,3,450000,cancelled
4,412,22,2026-04-17,3,450000,failed
5,154,16,2026-03-05,3,930000,paid
6,312,22,2026-06-20,2,300000,failed
7,240,2,2026-05-06,3,165000,failed
8,258,23,2026-04-18,1,160000,cancelled
9,281,26,2026-08-21,0,0,failed
10,55,14,2026-08-03,1,120000,failed
11,299,16,2026-05-05,1,310000,paid
12,257,29,2026-06-04,3,240000,cancelled
13,415,1,2026-05-17,1,185000,failed
14,220,25,2026-07-26,2,2800000,pending
15,74,10,2026-06-30,2,440000,pending
16,46,3,2026-03-20,1,59000,refunded
17,176,24,2026-05-23,3,690000,failed
18,166,10,2026-07-28,2,440000,failed
19,102,15,2026-05-18,3,1800000,failed
20,183,28,2026-07-26,2,280000,failed
21,298,17,2026-07-18,3,465000,refunded
22,450,19,2026-03-25,3,2100000,paid
23,166,16,2026-08-22,3,-930000,paid
24,67,15,2026-07-13,1,600000,pending
25,287,16,2026-08-08,0,0,paid
26,350,19,2026-05-08,2,1400000,pending
27,351,26,2026-06-10,1,3000000,pending
28,270,17,2026-07-14,1,155000,refunded
29,406,19,2026-03-18,2,1400000,paid
30,447,15,2026-05-05,1,600000,cancelled
31,143,24,2026-07-13,1,230000,paid
32,421,14,2026-04-29,1,120000,refunded
33,8,5,2026-06-12,3,450000,refunded
34,363,8,2026-06-11,1,800000,paid
35,165,19,2026-03-06,1,700000,failed
36,385,2,2026-08-08,3,165000,failed
37,415,26,2026-06-12,3,9000000,paid
38,155,12,2026-05-08,3,465000,paid
39,289,19,2026-06-25,3,2100000,paid
40,77,2,2026-04-12,2,110000,cancelled
41,13,1,2026-04-16,1,185000,cancelled
42,205,28,2026-06-25,1,140000,refunded
43,14,4,2026-07-20,2,220000,pending
44,364,10,2026-08-25,3,660000,paid
45,289,30,2026-06-22,3,1650000,failed
46,375,30,2026-06-17,3,1650000,pending
47,103,15,2026-04-14,1,600000,paid
48,145,6,2026-03-28,0,0,pending
49,78,10,2026-06-23,2,440000,cancelled
50,339,28,2026-03-09,1,140000,failed
51,226,28,2026-06-01,2,280000,refunded
52,109,8,2026-04-15,1,800000,paid
53,314,2,2026-08-20,2,110000,paid
54,187,22,2026-03-23,3,450000,refunded
55,192,16,2026-03-17,1,310000,failed
56,17,25,2026-04-07,3,4200000,paid
57,306,6,2026-06-24,3,270000,failed
58,399,22,2026-06-14,2,300000,cancelled
59,161,2,2026-04-08,2,110000,pending
60,24,26,2026-05-22,2,6000000,pending
61,129,14,2026-07-11,3,360000,refunded
62,113,2,2026-05-17,2,110000,failed
63,462,22,2026-08-07,3,450000,refunded
64,239,27,2026-03-08,1,175000,paid
65,231,14,2026-08-11,3,360000,failed
66,183,19,2026-07-06,2,1400000,refunded
67,467,22,2026-05-21,1,150000,cancelled
68,193,10,2026-08-05,1,220000,failed
69,128,14,2026-08-12,3,360000,refunded
70,161,13,2026-06-17,3,360000,refunded
71,314,10,2026-03-24,2,440000,pending
72,116,5,2026-05-03,2,300000,cancelled
73,131,29,2026-07-21,1,80000,pending
74,98,5,2026-04-10,3,450000,cancelled
75,377,18,2026-06-30,1,1500000,refunded
76,11,25,2026-06-09,2,2800000,pending
77,78,12,2026-06-15,1,155000,cancelled
78,281,2,2026-07-31,2,110000,refunded
79,292,14,2026-08-16,2,240000,pending
80,160,3,2026-05-08,1,59000,refunded
81,152,23,2026-04-30,2,320000,failed
82,419,7,2026-07-08,1,500000,cancelled
83,203,5,2026-08-09,3,450000,paid
84,226,3,2026-05-12,1,59000,paid
85,450,23,2026-04-28,3,480000,refunded
86,275,9,2026-08-11,1,900000,refunded
87,58,14,2026-03-05,3,360000,refunded
88,468,29,2026-03-24,1,80000,refunded
89,392,10,2026-04-06,3,660000,refunded
90,90,24,2026-03-05,3,690000,failed
91,471,23,2026-03-23,3,480000,paid
92,299,4,2026-05-08,3,330000,paid
93,303,23,2026-05-28,3,480000,refunded
94,337,17,2026-07-04,2,310000,cancelled
95,294,6,2026-03-04,3,270000,failed
96,69,25,2026-06-25,2,-2800000,paid
97,334,19,2026-05-17,1,700000,refunded
98,152,6,2026-05-30,3,270000,refunded
99,265,2,2026-07-01,1,55000,failed
100,81,21,2026-08-05,2,158000,refunded
101,390,23,2026-08-14,3,480000,cancelled
102,343,14,2026-03-07,3,360000,refunded
103,120,23,2026-04-23,2,320000,refunded
104,10,21,2026-04-16,3,237000,cancelled
105,61,29,2026-05-05,0,0,cancelled
106,326,25,2026-08-11,1,1400000,cancelled
107,305,12,2026-03-19,2,310000,paid
108,335,28,2026-07-18,2,280000,refunded
109,134,21,2026-04-13,1,79000,failed
110,419,22,2026-05-18,3,450000,paid
111,304,9,2026-03-23,1,900000,refunded
112,497,15,2026-04-30,1,600000,pending
113,490,26,2026-03-01,1,3000000,cancelled
114,39,30,2026-08-09,3,1650000,paid
115,118,24,2026-04-14,3,690000,paid
116,429,30,2026-03-24,1,550000,refunded
117,157,18,2026-04-09,3,4500000,cancelled
118,51,30,2026-07-11,1,550000,pending
119,84,29,2026-03-28,3,240000,pending
120,113,8,2026-08-10,1,800000,paid
121,381,16,2026-04-08,1,310000,failed
122,80,11,2026-06-23,3,810000,paid
123,394,21,2026-06-25,3,237000,pending
124,316,1,2026-07-31,2,370000,failed
125,343,12,2026-04-23,3,465000,cancelled
126,320,24,2026-08-31,3,690000,refunded
127,473,28,2026-06-06,3,420000,pending
128,469,13,2026-08-14,1,120000,failed
129,394,25,2026-06-15,1,1400000,paid
130,325,6,2026-04-20,2,180000,failed
131,268,1,2026-07-02,2,370000,failed
132,336,1,2026-07-09,3,555000,failed
133,459,30,2026-07-18,3,1650000,cancelled
134,361,12,2026-03-31,2,310000,paid
135,294,11,2026-08-22,3,810000,cancelled
136,258,3,2026-05-26,2,118000,failed
137,313,27,2026-06-01,2,350000,paid
138,173,30,2026-03-11,3,1650000,cancelled
139,291,2,2026-05-15,3,165000,refunded
140,235,16,2026-07-22,3,930000,failed
141,337,30,2026-08-15,1,550000,cancelled
142,484,8,2026-04-15,1,800000,failed
143,9,16,2026-04-19,1,310000,refunded
144,54,5,2026-07-29,1,150000,paid
145,496,14,2026-08-06,3,360000,refunded
146,340,13,2026-03-17,2,240000,failed
147,464,14,2026-03-20,2,240000,cancelled
148,21,13,2026-07-01,1,120000,failed
149,315,7,2026-08-20,1,500000,cancelled
150,382,27,2026-07-07,3,525000,pending
151,189,15,2026-08-29,1,600000,failed
152,60,14,2026-07-26,1,120000,refunded
153,62,9,2026-03-09,1,900000,refunded
154,222,12,2026-05-03,0,0,refunded
155,42,24,2026-08-16,2,460000,paid
156,450,1,2026-04-10,3,555000,failed
157,139,18,2026-04-12,2,3000000,refunded
158,207,23,2026-05-09,1,160000,pending
159,111,10,2026-05-19,0,0,pending
160,354,12,2026-06-07,2,310000,cancelled
161,482,2,2026-07-03,2,110000,failed
162,196,15,2026-04-11,2,1200000,pending
163,444,2,2026-08-14,2,110000,paid
164,69,1,2026-03-18,1,185000,pending
165,389,9,2026-08-07,3,2700000,paid
166,122,9,2026-06-30,1,900000,refunded
167,72,14,2026-08-16,2,240000,cancelled
168,452,4,2026-08-19,1,110000,failed
169,97,10,2026-06-28,3,660000,paid
170,295,26,2026-06-06,1,3000000,refunded
171,11,20,2026-07-29,2,400000,cancelled
172,81,16,2026-08-01,2,620000,failed
173,71,28,2026-03-14,1,140000,paid
174,45,13,2026-07-08,3,360000,refunded
175,414,15,2026-04-17,2,1200000,failed
176,161,25,2026-08-03,3,4200000,cancelled
177,316,21,2026-08-27,2,158000,cancelled
178,311,20,2026-04-16,2,400000,paid
179,4,5,2026-05-09,2,300000,pending
180,65,1,2026-06-03,2,370000,pending
181,208,12,2026-06-05,1,155000,paid
182,234,2,2026-07-14,1,55000,failed
183,167,25,2026-06-01,2,2800000,cancelled
184,241,14,2026-04-06,2,240000,failed
185,131,21,2026-05-26,2,158000,failed
186,76,11,2026-07-24,1,270000,paid
187,178,22,2026-08-19,3,450000,pending
188,53,6,2026-05-13,3,270000,cancelled
189,93,28,2026-06-09,1,140000,cancelled
190,232,22,2026-08-26,1,150000,paid
191,211,27,2026-04-09,2,350000,cancelled
192,319,15,2026-05-30,1,600000,cancelled
193,300,23,2026-04-10,1,160000,pending
194,396,6,2026-06-27,1,90000,cancelled
195,136,20,2026-04-26,1,200000,pending
196,241,10,2026-07-05,1,220000,paid
197,83,2,2026-04-30,2,110000,refunded
198,460,20,2026-03-31,3,600000,cancelled
199,200,4,2026-03-27,2,220000,refunded
200,375,21,2026-04-20,3,237000,paid
201,386,15,2026-06-11,2,1200000,refunded
202,447,15,2026-07-28,2,1200000,failed
203,337,28,2026-05-08,3,420000,refunded
204,300,4,2026-04-02,2,220000,pending
205,367,13,2026-03-30,3,360000,pending
206,340,11,2026-03-22,2,540000,refunded
207,262,26,2026-05-02,1,3000000,paid
208,289,15,2026-04-27,3,1800000,paid
209,342,19,2026-04-17,2,1400000,paid
210,291,18,2026-07-10,3,4500000,failed
211,374,6,2026-04-08,2,180000,cancelled
212,29,24,2026-06-13,3,690000,pending
213,100,26,2026-06-22,1,3000000,failed
214,352,3,2026-03-30,3,177000,pending
215,443,8,2026-06-16,2,1600000,refunded
216,447,27,2026-05-03,1,175000,cancelled
217,360,11,2026-04-14,2,540000,cancelled
218,306,23,2026-08-27,3,480000,pending
219,146,11,2026-07-03,3,810000,paid
220,294,1,2026-06-06,3,555000,pending
221,448,5,2026-06-20,2,300000,paid
222,390,26,2026-03-07,3,9000000,cancelled
223,73,10,2026-08-30,2,440000,paid
224,461,14,2026-03-09,1,120000,failed
225,437,21,2026-03-27,1,79000,pending
226,443,19,2026-05-26,2,1400000,pending
227,96,27,2026-03-06,1,175000,paid
228,78,10,2026-08-05,2,440000,failed
229,19,9,2026-06-06,2,1800000,paid
230,133,12,2026-04-13,3,465000,pending
231,273,26,2026-06-08,2,6000000,cancelled
232,149,29,2026-06-01,1,80000,cancelled
233,320,5,2026-08-30,1,150000,pending
234,356,22,2026-03-30,1,150000,failed
235,312,17,2026-06-27,3,465000,paid
236,233,23,2026-05-06,3,480000,paid
237,185,9,2026-08-17,1,900000,failed
238,75,7,2026-03-23,2,1000000,pending
239,188,10,2026-05-27,2,440000,pending
240,114,15,2026-03-15,1,600000,pending
241,165,21,2026-08-01,3,237000,refunded
242,198,7,2026-04-26,1,500000,paid
243,67,7,2026-06-29,2,1000000,pending
244,44,29,2026-05-12,3,240000,pending
245,417,7,2026-03-06,3,1500000,pending
246,109,8,2026-07-24,3,2400000,paid
247,24,2,2026-08-28,1,55000,failed
248,88,12,2026-08-12,1,155000,failed
249,478,4,2026-08-24,1,110000,cancelled
250,220,15,2026-04-29,1,600000,paid
251,376,17,2026-03-02,0,0,refunded
252,467,28,2026-07-25,1,140000,failed
253,146,25,2026-08-12,2,2800000,paid
254,127,20,2026-08-11,1,200000,pending
255,107,19,2026-06-07,1,700000,cancelled
256,31,4,2026-08-27,3,330000,cancelled
257,99,6,2026-05-09,1,90000,failed
258,82,22,2026-06-25,1,150000,pending
259,355,21,2026-03-10,2,158000,paid
260,12,21,2026-03-15,1,79000,failed
261,338,16,2026-05-11,2,620000,paid
262,472,27,2026-05-17,3,525000,refunded
263,311,22,2026-06-08,1,150000,cancelled
264,260,9,2026-08-24,3,2700000,cancelled
265,405,8,2026-07-23,1,800000,cancelled
266,95,12,2026-05-16,3,465000,pending
267,336,13,2026-06-06,1,120000,paid
268,215,14,2026-07-06,2,240000,refunded
269,233,10,2026-08-03,3,660000,cancelled
270,385,16,2026-03-06,2,620000,pending
271,24,25,2026-08-05,1,1400000,cancelled
272,178,28,2026-05-01,1,140000,paid
273,22,17,2026-05-10,3,465000,cancelled
274,387,14,2026-03-23,2,240000,pending
275,395,28,2026-03-26,2,280000,pending
276,329,21,2026-08-16,0,0,refunded
277,434,14,2026-08-05,1,120000,pending
278,326,22,2026-03-17,2,300000,cancelled
279,172,19,2026-05-18,1,700000,paid
280,452,9,2026-03-26,2,1800000,failed
281,194,17,2026-07-05,1,155000,pending
282,310,21,2026-05-16,3,237000,paid
283,59,27,2026-06-15,2,350000,cancelled
284,96,20,2026-03-28,1,200000,pending
285,455,15,2026-06-01,1,600000,cancelled
286,93,18,2026-07-24,3,4500000,paid
287,222,24,2026-04-21,3,690000,cancelled
288,354,1,2026-08-15,1,185000,cancelled
289,336,29,2026-08-18,0,0,pending
290,415,27,2026-04-05,1,175000,cancelled
291,38,23,2026-03-20,3,480000,cancelled
292,491,5,2026-05-30,2,300000,cancelled
293,369,20,2026-07-06,3,600000,failed
294,388,21,2026-07-13,2,158000,failed
295,213,27,2026-07-23,1,175000,failed
296,325,8,2026-04-05,2,1600000,failed
297,357,22,2026-05-28,3,450000,cancelled
298,125,24,2026-03-11,2,460000,refunded
299,351,16,2026-03-07,0,0,cancelled
300,418,23,2026-05-16,2,320000,refunded
301,229,4,2026-05-15,3,330000,pending
302,71,11,2026-05-24,3,810000,pending
303,215,15,2026-08-31,1,600000,paid
304,10,27,2026-04-25,1,175000,failed
305,344,17,2026-04-03,2,310000,pending
306,261,5,2026-03-21,0,0,refunded
307,397,18,2026-06-17,2,3000000,cancelled
308,175,26,2026-08-11,2,6000000,pending
309,389,21,2026-07-07,3,237000,refunded
310,60,27,2026-04-11,1,175000,refunded
311,123,10,2026-08-03,1,220000,pending
312,22,20,2026-08-28,3,600000,pending
313,43,12,2026-04-20,1,155000,refunded
314,139,23,2026-05-05,3,480000,paid
315,452,9,2026-07-12,1,900000,refunded
316,192,3,2026-06-01,2,118000,paid
317,13,12,2026-07-12,2,310000,failed
318,418,22,2026-06-06,2,300000,cancelled
319,189,6,2026-03-09,1,90000,cancelled
320,297,23,2026-06-05,1,160000,pending
321,442,1,2026-03-20,1,185000,refunded
322,441,8,2026-03-15,3,2400000,pending
323,31,22,2026-06-09,3,450000,failed
324,350,28,2026-08-01,2,280000,cancelled
325,95,3,2026-04-26,2,118000,pending
326,102,30,2026-08-20,1,550000,paid
327,300,2,2026-03-17,2,110000,paid
328,94,20,2026-04-25,1,200000,cancelled
329,414,13,2026-05-17,1,120000,pending
330,141,29,2026-05-12,3,240000,cancelled
331,271,6,2026-08-08,3,270000,pending
332,490,4,2026-03-14,2,220000,cancelled
333,218,10,2026-08-11,3,660000,paid
334,88,30,2026-04-02,3,1650000,paid
335,389,4,2026-08-03,1,110000,refunded
336,258,24,2026-04-08,3,690000,paid
337,477,10,2026-06-20,1,220000,paid
338,90,17,2026-06-09,3,465000,cancelled
339,164,25,2026-04-15,1,1400000,pending
340,107,19,2026-05-22,2,1400000,refunded
341,5,23,2026-07-11,2,320000,pending
342,71,3,2026-03-24,1,59000,cancelled
343,431,9,2026-08-09,1,900000,pending
344,361,15,2026-05-18,0,0,pending
345,182,14,2026-04-25,2,240000,paid
346,42,23,2026-08-07,2,320000,refunded
347,220,8,2026-03-23,2,1600000,refunded
348,464,27,2026-03-25,1,175000,failed
349,284,9,2026-03-12,2,1800000,pending
350,80,20,2026-03-15,0,0,cancelled
351,229,10,2026-08-02,3,660000,refunded
352,238,10,2026-06-12,2,440000,failed
353,139,17,2026-05-21,3,465000,cancelled
354,323,12,2026-05-06,2,310000,pending
355,446,16,2026-04-12,2,620000,pending
356,64,8,2026-08-26,3,2400000,failed
357,113,5,2026-05-12,3,450000,failed
358,271,18,2026-08-09,1,1500000,cancelled
359,97,18,2026-05-07,3,4500000,cancelled
360,311,27,2026-08-16,1,175000,refunded
361,188,23,2026-03-24,1,160000,pending
362,496,2,2026-04-27,3,165000,paid
363,141,28,2026-06-13,3,420000,failed
364,461,16,2026-05-21,2,620000,pending
365,53,6,2026-05-17,3,270000,paid
366,196,20,2026-05-08,1,200000,failed
367,263,15,2026-05-16,2,1200000,pending
368,209,23,2026-07-27,2,320000,pending
369,172,10,2026-04-24,1,220000,paid
370,130,24,2026-04-21,2,460000,cancelled
371,235,11,2026-03-07,3,810000,cancelled
372,256,5,2026-06-06,1,150000,failed
373,95,18,2026-05-27,2,3000000,paid
374,78,11,2026-04-12,3,810000,failed
375,306,17,2026-08-31,1,155000,failed
376,3,19,2026-04-23,2,1400000,failed
377,481,11,2026-05-21,3,810000,refunded
378,331,16,2026-08-31,3,930000,paid
379,400,20,2026-04-01,1,200000,pending
380,330,27,2026-08-27,1,175000,refunded
381,186,24,2026-03-12,3,690000,failed
382,175,13,2026-06-17,1,120000,failed
383,316,7,2026-05-25,2,1000000,paid
384,446,10,2026-05-10,3,660000,pending
385,3,13,2026-05-20,1,120000,failed
386,293,6,2026-07-05,2,-180000,pending
387,489,5,2026-03-17,2,300000,cancelled
388,435,20,2026-04-01,3,600000,paid
389,330,7,2026-04-17,1,500000,refunded
390,40,2,2026-04-19,3,165000,refunded
391,359,21,2026-04-01,3,237000,cancelled
392,114,12,2026-06-04,2,310000,failed
393,388,25,2026-04-06,2,2800000,pending
394,442,25,2026-04-20,2,2800000,refunded
395,323,17,2026-07-20,2,310000,paid
396,204,21,2026-03-14,1,79000,failed
397,321,24,2026-05-23,1,230000,refunded
398,414,25,2026-05-23,1,1400000,failed
399,201,1,2026-06-20,3,555000,refunded
400,31,12,2026-05-02,2,310000,paid
401,281,20,2026-06-22,2,400000,paid
402,233,18,2026-08-16,2,3000000,cancelled
403,172,19,2026-07-18,3,2100000,pending
404,379,10,2026-06-18,2,-440000,paid
405,302,16,2026-04-16,3,930000,cancelled
406,295,25,2026-08-27,1,1400000,refunded
407,140,19,2026-05-22,1,700000,pending
408,146,13,2026-06-13,2,240000,paid
409,339,6,2026-07-08,1,90000,cancelled
410,178,26,2026-03-15,2,6000000,paid
411,420,13,2026-05-29,1,120000,pending
412,60,18,2026-06-20,3,4500000,failed
413,445,16,2026-03-03,1,310000,refunded
414,392,30,2026-05-31,3,1650000,refunded
415,1,9,2026-03-31,3,2700000,cancelled
416,292,27,2026-04-18,3,525000,failed
417,457,1,2026-06-07,2,370000,pending
418,101,2,2026-08-21,3,165000,pending
419,312,25,2026-06-13,1,1400000,paid
420,455,21,2026-06-07,2,158000,cancelled
421,107,29,2026-03-09,1,80000,paid
422,120,7,2026-07-03,3,1500000,paid
423,253,26,2026-04-13,2,6000000,cancelled
424,133,4,2026-04-12,3,330000,paid
425,76,11,2026-08-16,3,810000,failed
426,302,23,2026-08-03,3,480000,cancelled
427,235,1,2026-07-08,1,185000,pending
428,43,16,2026-05-13,3,930000,cancelled
429,342,24,2026-07-02,2,-460000,paid
430,101,14,2026-04-05,2,240000,failed
431,317,26,2026-06-02,1,3000000,failed
432,307,12,2026-03-23,2,310000,pending
433,29,25,2026-06-29,1,1400000,cancelled
434,128,11,2026-04-12,1,270000,cancelled
435,443,28,2026-06-01,3,420000,refunded
436,269,25,2026-08-10,3,4200000,paid
437,58,19,2026-03-27,2,1400000,paid
438,272,9,2026-04-07,3,2700000,paid
439,423,9,2026-05-09,3,2700000,cancelled
440,315,3,2026-03-22,2,118000,failed
441,96,17,2026-05-17,0,0,paid
442,49,13,2026-05-09,2,240000,paid
443,101,25,2026-03-20,2,-2800000,paid
444,116,22,2026-07-24,3,450000,cancelled
445,328,8,2026-08-22,2,1600000,refunded
446,381,29,2026-03-22,0,0,paid
447,262,6,2026-08-11,2,180000,pending
448,113,28,2026-07-11,2,280000,refunded
449,33,15,2026-08-09,3,1800000,failed
450,424,6,2026-06-01,2,180000,cancelled
451,78,16,2026-07-06,1,310000,cancelled
452,212,27,2026-04-07,1,175000,cancelled
453,103,29,2026-06-04,0,0,pending
454,30,4,2026-04-04,2,220000,failed
455,128,27,2026-07-31,3,525000,cancelled
456,140,14,2026-06-17,2,240000,paid
457,479,23,2026-08-25,3,480000,refunded
458,430,17,2026-07-05,2,310000,cancelled
459,22,7,2026-06-19,1,500000,refunded
460,201,27,2026-06-21,1,175000,pending
461,500,16,2026-05-31,3,930000,pending
462,473,11,2026-03-25,3,810000,failed
463,408,16,2026-03-13,3,-930000,refunded
464,157,20,2026-08-15,3,600000,failed
465,345,6,2026-07-04,2,180000,paid
466,270,19,2026-07-25,3,2100000,pending
467,177,10,2026-07-03,1,220000,cancelled
468,403,18,2026-06-26,1,1500000,pending
469,271,7,2026-07-27,1,500000,refunded
470,55,10,2026-03-09,1,220000,refunded
471,357,21,2026-04-13,1,79000,failed
472,263,30,2026-08-13,3,1650000,refunded
473,449,23,2026-05-22,2,320000,failed
474,478,14,2026-07-14,2,240000,pending
475,450,9,2026-03-05,0,0,paid
476,458,6,2026-03-09,3,270000,paid
477,269,28,2026-06-30,2,280000,failed
478,391,27,2026-06-10,1,175000,refunded
479,223,26,2026-05-07,3,9000000,paid
480,299,7,2026-04-20,2,1000000,refunded
481,146,21,2026-05-15,3,237000,pending
482,449,13,2026-03-20,1,120000,cancelled
483,163,8,2026-03-05,3,2400000,paid
484,335,5,2026-06-22,2,300000,paid
485,349,14,2026-07-08,1,120000,failed
486,492,13,2026-08-06,3,360000,refunded
487,472,22,2026-07-16,2,300000,paid
488,68,25,2026-07-17,1,1400000,refunded
489,350,14,2026-05-09,1,120000,pending
490,105,22,2026-07-12,2,300000,cancelled
491,302,22,2026-06-28,0,0,pending
492,128,3,2026-03-05,1,59000,refunded
493,51,22,2026-08-24,1,150000,cancelled
494,151,22,2026-08-30,0,0,failed
495,148,5,2026-08-18,3,450000,refunded
496,442,8,2026-03-30,3,2400000,refunded
497,126,27,2026-06-20,2,350000,refunded
498,51,13,2026-05-12,1,120000,refunded
499,360,30,2026-07-01,1,550000,failed
500,207,2,2026-03-24,2,110000,cancelled
501,373,16,2026-04-28,3,930000,failed
502,438,8,2026-07-22,3,2400000,refunded
503,214,5,2026-06-11,2,300000,refunded
504,187,2,2026-05-13,0,0,failed
505,463,24,2026-06-07,2,460000,pending
506,58,29,2026-05-29,3,240000,paid
507,332,26,2026-05-17,2,6000000,cancelled
508,116,15,2026-07-26,1,600000,pending
509,33,5,2026-04-22,0,0,pending
510,106,4,2026-05-15,0,0,cancelled
511,432,15,2026-06-21,3,1800000,refunded
512,269,12,2026-04-17,1,155000,pending
513,400,19,2026-08-30,3,2100000,cancelled
514,226,8,2026-08-18,3,2400000,paid
515,72,18,2026-06-29,3,4500000,pending
516,408,9,2026-08-26,3,2700000,refunded
517,455,4,2026-03-15,3,330000,refunded
518,82,29,2026-08-26,1,80000,failed
519,458,17,2026-04-11,1,155000,pending
520,264,16,2026-06-14,3,930000,failed
521,245,1,2026-04-12,2,370000,refunded
522,211,5,2026-05-01,1,150000,paid
523,404,15,2026-05-20,2,1200000,paid
524,35,9,2026-03-07,2,1800000,paid
525,17,24,2026-07-16,1,230000,cancelled
526,67,16,2026-08-15,1,310000,cancelled
527,346,23,2026-08-02,2,320000,cancelled
528,20,18,2026-08-17,1,1500000,paid
529,304,15,2026-08-25,1,600000,refunded
530,132,4,2026-05-26,1,110000,failed
531,500,16,2026-04-05,3,930000,paid
532,382,15,2026-07-17,2,1200000,failed
533,278,14,2026-08-28,0,0,failed
534,38,12,2026-07-06,2,310000,paid
535,15,21,2026-04-18,3,237000,failed
536,384,28,2026-05-22,3,420000,paid
537,124,8,2026-03-08,1,800000,refunded
538,206,18,2026-08-26,1,1500000,cancelled
539,446,1,2026-08-03,3,555000,cancelled
540,416,8,2026-05-25,3,2400000,failed
541,416,8,2026-04-23,3,2400000,cancelled
542,277,29,2026-08-30,1,80000,paid
543,217,20,2026-06-02,2,400000,pending
544,415,10,2026-04-05,1,220000,failed
545,314,28,2026-08-13,1,140000,pending
546,441,20,2026-04-14,1,200000,pending
547,22,21,2026-08-01,1,79000,cancelled
548,125,24,2026-08-13,1,230000,failed
549,171,8,2026-03-06,1,800000,cancelled
550,23,17,2026-03-16,2,310000,cancelled
551,279,14,2026-06-06,2,240000,refunded
552,206,9,2026-07-26,2,1800000,failed
553,423,21,2026-05-03,1,79000,failed
554,166,3,2026-04-13,2,118000,failed
555,294,22,2026-04-13,0,0,pending
556,205,24,2026-07-27,3,690000,refunded
557,94,20,2026-06-23,3,600000,refunded
558,402,1,2026-05-03,3,555000,paid
559,272,8,2026-04-28,0,0,paid
560,160,18,2026-07-20,2,3000000,cancelled
561,294,14,2026-03-20,3,360000,failed
562,487,26,2026-05-15,3,9000000,failed
563,44,24,2026-07-14,2,460000,cancelled
564,17,22,2026-08-01,3,450000,cancelled
565,102,21,2026-04-27,2,158000,refunded
566,128,17,2026-05-24,3,465000,refunded
567,383,8,2026-05-06,1,800000,paid
568,347,16,2026-04-09,2,620000,paid
569,129,6,2026-03-10,2,180000,refunded
570,134,10,2026-06-25,3,660000,pending
571,181,11,2026-05-01,1,270000,cancelled
572,45,6,2026-05-31,2,180000,refunded
573,253,19,2026-06-13,2,1400000,paid
574,108,11,2026-05-24,3,810000,refunded
575,395,18,2026-05-29,2,3000000,cancelled
576,404,27,2026-08-06,2,350000,paid
577,331,15,2026-05-23,2,1200000,failed
578,147,9,2026-05-03,2,1800000,failed
579,126,23,2026-08-08,3,480000,pending
580,12,28,2026-07-02,2,280000,pending
581,126,8,2026-04-21,1,800000,cancelled
582,361,16,2026-05-19,2,620000,pending
583,38,2,2026-04-19,2,110000,cancelled
584,324,2,2026-08-01,2,110000,refunded
585,444,17,2026-08-19,1,155000,cancelled
586,205,7,2026-03-28,3,1500000,paid
587,489,27,2026-06-04,1,175000,refunded
588,201,9,2026-04-18,2,1800000,paid
589,60,23,2026-07-05,1,160000,cancelled
590,465,22,2026-03-23,1,150000,cancelled
591,410,8,2026-04-02,2,1600000,pending
592,273,25,2026-03-02,1,1400000,failed
593,33,13,2026-08-21,3,360000,paid
594,6,14,2026-03-30,2,240000,refunded
595,464,13,2026-04-12,3,360000,refunded
596,308,8,2026-07-09,2,1600000,pending
597,397,18,2026-08-06,2,3000000,paid
598,381,27,2026-06-03,1,175000,refunded
599,383,15,2026-08-04,3,1800000,cancelled
600,159,10,2026-07-15,3,660000,cancelled
601,228,17,2026-08-10,1,155000,failed
602,120,8,2026-05-03,0,0,refunded
603,429,11,2026-03-30,2,540000,pending
604,402,21,2026-04-04,2,158000,paid
605,478,1,2026-04-01,1,185000,paid
606,416,8,2026-03-08,2,1600000,refunded
607,330,22,2026-04-18,3,450000,cancelled
608,73,27,2026-03-09,0,0,cancelled
609,199,17,2026-06-20,3,465000,failed
610,217,12,2026-06-30,2,310000,pending
611,396,28,2026-06-23,3,420000,cancelled
612,452,18,2026-05-03,2,3000000,pending
613,216,6,2026-04-22,3,270000,refunded
614,133,21,2026-04-24,2,158000,pending
615,403,6,2026-06-08,1,90000,paid
616,300,8,2026-03-26,1,800000,pending
617,327,27,2026-06-22,1,175000,refunded
618,108,13,2026-05-16,1,120000,cancelled
619,12,18,2026-04-14,0,0,paid
620,357,27,2026-06-25,3,525000,failed
621,404,7,2026-07-12,1,500000,pending
622,125,7,2026-06-28,1,500000,pending
623,404,5,2026-06-23,3,450000,paid
624,186,9,2026-06-02,2,1800000,refunded
625,415,24,2026-06-15,1,230000,refunded
626,245,8,2026-06-19,1,800000,paid
627,348,18,2026-06-04,1,1500000,pending
628,70,20,2026-05-18,3,600000,cancelled
629,176,21,2026-07-08,1,79000,failed
630,138,11,2026-03-30,3,810000,paid
631,340,28,2026-08-08,1,140000,refunded
632,105,8,2026-06-25,1,800000,pending
633,419,11,2026-08-10,2,540000,refunded
634,438,7,2026-04-06,2,1000000,refunded
635,228,15,2026-06-08,2,1200000,cancelled
636,127,25,2026-04-15,1,1400000,paid
637,116,5,2026-08-25,3,450000,cancelled
638,186,5,2026-05-04,1,150000,failed
639,410,5,2026-05-08,0,0,refunded
640,145,4,2026-06-12,3,330000,refunded
641,28,29,2026-03-28,3,240000,refunded
642,18,16,2026-07-09,1,310000,pending
643,485,1,2026-07-27,2,-370000,refunded
644,178,4,2026-06-02,3,330000,cancelled
645,335,18,2026-03-13,1,1500000,cancelled
646,432,22,2026-03-18,3,450000,refunded
647,435,29,2026-08-05,2,160000,refunded
648,382,21,2026-06-11,1,79000,paid
649,109,4,2026-07-24,1,110000,cancelled
650,454,11,2026-03-06,3,810000,paid
651,273,27,2026-08-24,0,0,refunded
652,30,11,2026-04-10,3,810000,cancelled
653,386,18,2026-08-15,3,4500000,failed
654,51,14,2026-03-19,1,120000,refunded
655,67,21,2026-07-17,2,158000,failed
656,153,3,2026-08-08,1,59000,paid
657,103,1,2026-07-27,3,555000,refunded
658,70,9,2026-04-27,3,2700000,pending
659,261,26,2026-07-07,1,3000000,failed
660,474,24,2026-07-06,1,230000,pending
661,305,13,2026-08-23,1,120000,refunded
662,452,17,2026-05-16,2,310000,cancelled
663,357,20,2026-04-16,0,0,pending
664,79,19,2026-06-06,3,2100000,cancelled
665,323,6,2026-07-07,1,90000,paid
666,299,20,2026-06-16,0,0,failed
667,99,27,2026-06-08,0,0,refunded
668,399,26,2026-05-25,3,9000000,cancelled
669,122,22,2026-04-29,2,300000,cancelled
670,90,17,2026-04-03,0,0,pending
671,3,29,2026-07-05,3,240000,failed
672,316,1,2026-06-07,0,0,refunded
673,20,11,2026-08-31,1,270000,refunded
674,311,28,2026-06-11,1,140000,paid
675,395,14,2026-04-04,2,240000,refunded
676,457,5,2026-05-14,2,300000,pending
677,74,9,2026-03-10,2,1800000,refunded
678,94,13,2026-05-23,3,360000,failed
679,394,14,2026-04-15,2,240000,paid
680,325,20,2026-08-25,2,400000,refunded
681,433,20,2026-08-17,3,600000,pending
682,168,6,2026-03-09,1,90000,pending
683,482,5,2026-04-29,2,300000,pending
684,425,23,2026-04-20,1,160000,refunded
685,47,12,2026-06-27,2,310000,cancelled
686,121,6,2026-04-19,2,180000,refunded
687,322,7,2026-07-13,2,1000000,refunded
688,466,3,2026-05-15,1,59000,refunded
689,234,15,2026-08-21,3,1800000,cancelled
690,346,20,2026-08-16,3,600000,failed
691,305,4,2026-07-26,2,220000,pending
692,134,6,2026-07-31,1,90000,cancelled
693,214,17,2026-05-17,1,155000,refunded
694,370,11,2026-05-13,1,270000,pending
695,307,26,2026-06-19,2,6000000,cancelled
696,69,25,2026-08-03,2,2800000,failed
697,18,22,2026-05-07,3,450000,refunded
698,306,27,2026-03-13,3,525000,cancelled
699,459,26,2026-05-30,2,6000000,refunded
700,223,18,2026-04-06,1,1500000,refunded
701,205,16,2026-06-23,1,310000,failed
702,77,10,2026-03-11,3,660000,failed
703,236,27,2026-06-09,1,175000,refunded
704,256,26,2026-07-23,2,6000000,failed
705,129,13,2026-05-25,2,240000,paid
706,154,17,2026-05-12,1,155000,paid
707,469,2,2026-03-16,1,55000,pending
708,330,1,2026-07-30,2,370000,pending
709,486,28,2026-03-07,0,0,refunded
710,263,10,2026-03-02,1,220000,cancelled
711,188,27,2026-08-10,3,525000,paid
712,153,17,2026-03-31,3,465000,pending
713,402,5,2026-03-23,1,150000,refunded
714,349,20,2026-06-11,2,400000,cancelled
715,293,30,2026-06-01,3,1650000,cancelled
716,412,3,2026-06-06,3,177000,paid
717,34,12,2026-03-27,1,155000,cancelled
718,87,28,2026-04-18,2,280000,refunded
719,326,16,2026-06-18,3,930000,refunded
720,95,19,2026-07-26,3,2100000,cancelled
721,37,14,2026-03-05,2,240000,paid
722,361,30,2026-07-09,1,550000,pending
723,306,13,2026-04-28,3,360000,paid
724,361,22,2026-05-15,3,450000,pending
725,461,21,2026-05-08,3,237000,cancelled
726,357,25,2026-03-18,1,1400000,failed
727,497,2,2026-05-25,3,165000,failed
728,455,3,2026-06-06,2,118000,paid
729,48,18,2026-08-24,1,1500000,paid
730,54,6,2026-05-05,3,270000,failed
731,286,2,2026-05-05,2,110000,failed
732,62,29,2026-03-16,2,160000,pending
733,108,14,2026-07-10,2,240000,refunded
734,401,9,2026-04-13,2,1800000,cancelled
735,468,14,2026-03-27,2,240000,refunded
736,392,24,2026-03-04,1,230000,pending
737,45,14,2026-03-01,1,120000,failed
738,318,2,2026-07-12,1,55000,refunded
739,451,23,2026-05-19,2,320000,failed
740,122,30,2026-03-13,3,1650000,pending
741,337,14,2026-05-23,3,360000,refunded
742,180,1,2026-04-05,3,555000,paid
743,318,23,2026-03-01,3,480000,paid
744,437,28,2026-03-13,1,140000,cancelled
745,289,17,2026-08-09,3,465000,cancelled
746,432,15,2026-07-04,1,600000,pending
747,11,28,2026-03-24,3,420000,cancelled
748,267,15,2026-07-31,3,1800000,refunded
749,311,8,2026-08-02,1,800000,paid
750,273,11,2026-06-16,1,270000,pending
751,29,16,2026-03-31,2,620000,paid
752,200,11,2026-06-22,1,270000,refunded
753,237,16,2026-07-06,3,930000,failed
754,365,13,2026-05-03,1,120000,paid
755,481,29,2026-06-06,1,80000,cancelled
756,431,21,2026-07-20,1,79000,paid
757,364,4,2026-04-11,2,220000,refunded
758,235,28,2026-03-29,0,0,cancelled
759,277,18,2026-03-30,2,3000000,cancelled
760,240,16,2026-05-24,3,930000,pending
761,109,11,2026-03-28,3,810000,refunded
762,250,11,2026-06-12,3,810000,paid
763,327,23,2026-07-28,3,480000,failed
764,140,14,2026-04-18,2,240000,refunded
765,470,16,2026-05-27,1,310000,pending
766,410,18,2026-07-07,2,3000000,failed
767,372,28,2026-06-21,2,280000,paid
768,304,17,2026-06-12,2,310000,refunded
769,296,6,2026-05-12,1,90000,cancelled
770,172,15,2026-03-08,1,600000,refunded
771,247,7,2026-05-19,3,1500000,failed
772,228,20,2026-07-05,3,600000,paid
773,225,14,2026-04-30,3,360000,failed
774,99,30,2026-08-01,1,550000,failed
775,255,27,2026-04-10,0,0,failed
776,473,21,2026-07-31,3,237000,pending
777,70,14,2026-05-04,2,240000,cancelled
778,18,5,2026-04-15,3,450000,paid
779,76,28,2026-05-03,2,280000,pending
780,187,26,2026-08-08,2,6000000,pending
781,323,23,2026-08-02,2,320000,refunded
782,141,12,2026-04-22,2,310000,cancelled
783,75,22,2026-05-15,2,300000,failed
784,85,26,2026-03-29,3,9000000,failed
785,73,9,2026-03-09,1,900000,cancelled
786,70,8,2026-03-09,1,800000,failed
787,336,23,2026-05-28,0,0,failed
788,414,17,2026-03-23,3,465000,refunded
789,283,2,2026-03-05,3,165000,refunded
790,407,26,2026-04-22,1,3000000,failed
791,162,20,2026-06-23,3,600000,failed
792,145,3,2026-03-07,1,59000,paid
793,433,30,2026-03-03,1,550000,failed
794,481,12,2026-05-15,0,0,cancelled
795,110,20,2026-05-16,3,600000,cancelled
796,160,11,2026-04-03,3,810000,paid
797,320,26,2026-05-29,2,6000000,cancelled
798,370,6,2026-05-23,1,90000,cancelled
799,496,20,2026-04-19,2,400000,pending
800,292,19,2026-05-29,3,2100000,failed
801,346,23,2026-05-13,3,480000,failed
802,57,24,2026-07-09,3,690000,pending
803,244,15,2026-05-21,2,1200000,pending
804,288,14,2026-05-26,3,360000,failed
805,382,30,2026-06-09,1,550000,pending
806,105,7,2026-03-23,3,1500000,pending
807,79,15,2026-06-06,1,600000,paid
808,467,18,2026-06-01,2,3000000,paid
809,324,4,2026-08-31,2,220000,paid
810,195,27,2026-07-15,3,525000,failed
811,233,7,2026-07-15,0,0,refunded
812,347,17,2026-06-09,1,155000,pending
813,78,4,2026-08-27,2,220000,paid
814,356,13,2026-07-11,1,120000,failed
815,30,16,2026-05-01,3,930000,refunded
816,490,10,2026-03-29,0,0,pending
817,78,24,2026-04-30,3,690000,cancelled
818,174,25,2026-06-23,1,1400000,pending
819,215,10,2026-04-12,2,440000,pending
820,280,15,2026-03-09,3,1800000,refunded
821,431,15,2026-07-17,1,600000,failed
822,213,9,2026-05-09,3,2700000,cancelled
823,268,28,2026-05-14,3,420000,paid
824,323,13,2026-03-13,1,120000,cancelled
825,445,5,2026-06-24,0,0,paid
826,282,8,2026-07-24,1,800000,failed
827,338,29,2026-07-17,2,160000,refunded
828,168,5,2026-06-19,1,150000,paid
829,379,29,2026-06-22,1,80000,paid
830,170,6,2026-07-28,0,0,paid
831,309,21,2026-07-07,1,79000,cancelled
832,52,29,2026-04-21,2,160000,failed
833,103,26,2026-08-22,2,-6000000,paid
834,122,18,2026-03-26,3,4500000,pending
835,50,6,2026-05-26,2,180000,refunded
836,99,4,2026-08-03,3,330000,failed
837,445,16,2026-05-19,2,620000,cancelled
838,14,30,2026-06-01,3,1650000,refunded
839,215,1,2026-08-03,2,370000,paid
840,316,2,2026-05-09,0,0,failed
841,367,18,2026-07-13,1,1500000,failed
842,157,19,2026-07-07,2,1400000,cancelled
843,466,4,2026-08-30,2,220000,pending
844,499,8,2026-03-24,1,800000,cancelled
845,482,8,2026-04-30,2,1600000,paid
846,497,28,2026-04-23,1,140000,failed
847,261,25,2026-08-02,3,4200000,refunded
848,484,4,2026-03-23,3,330000,paid
849,290,24,2026-04-21,3,690000,cancelled
850,317,16,2026-03-12,1,310000,failed
851,483,23,2026-07-03,3,480000,pending
852,427,8,2026-05-07,1,800000,paid
853,167,30,2026-03-07,1,550000,refunded
854,69,22,2026-07-11,1,150000,pending
855,367,17,2026-05-10,2,310000,failed
856,372,14,2026-03-27,3,360000,pending
857,101,21,2026-05-26,3,237000,pending
858,9,15,2026-08-05,1,600000,paid
859,152,29,2026-06-29,2,160000,pending
860,152,10,2026-03-30,1,220000,pending
861,452,4,2026-04-22,1,110000,failed
862,423,17,2026-03-21,1,155000,paid
863,342,5,2026-04-29,2,300000,pending
864,267,30,2026-04-04,2,1100000,refunded
865,492,26,2026-06-07,1,3000000,pending
866,372,23,2026-07-15,3,480000,cancelled
867,31,13,2026-08-30,2,240000,paid
868,165,13,2026-08-20,0,0,cancelled
869,125,22,2026-05-01,2,300000,paid
870,460,17,2026-08-14,3,465000,paid
871,252,26,2026-06-19,2,6000000,paid
872,166,15,2026-08-14,1,600000,refunded
873,386,16,2026-06-14,2,620000,cancelled
874,121,26,2026-03-03,2,6000000,paid
875,437,12,2026-08-11,3,465000,cancelled
876,390,25,2026-08-02,1,-1400000,paid
877,159,19,2026-05-13,1,700000,paid
878,466,30,2026-08-11,2,1100000,refunded
879,481,28,2026-03-14,1,140000,paid
880,102,6,2026-08-14,2,180000,pending
881,221,4,2026-06-26,1,110000,cancelled
882,12,6,2026-04-22,3,270000,cancelled
883,296,7,2026-04-28,2,1000000,refunded
884,63,15,2026-04-24,3,1800000,refunded
885,53,21,2026-03-08,1,79000,paid
886,302,7,2026-04-11,2,1000000,paid
887,367,1,2026-08-06,2,370000,cancelled
888,153,17,2026-06-04,3,465000,failed
889,334,1,2026-05-07,1,185000,pending
890,410,19,2026-04-04,2,1400000,paid
891,474,30,2026-07-02,3,1650000,cancelled
892,67,8,2026-07-30,1,800000,pending
893,325,20,2026-06-12,2,400000,refunded
894,365,9,2026-08-05,3,2700000,cancelled
895,459,4,2026-05-14,2,220000,paid
896,252,17,2026-05-14,3,465000,pending
897,300,22,2026-05-25,1,150000,paid
898,470,29,2026-05-13,2,160000,cancelled
899,257,1,2026-04-04,2,370000,cancelled
900,315,8,2026-08-02,1,800000,cancelled
901,345,11,2026-08-27,2,540000,failed
902,13,27,2026-07-03,1,175000,pending
903,458,13,2026-07-12,2,240000,failed
904,271,29,2026-07-07,3,240000,paid
905,204,3,2026-06-26,1,59000,cancelled
906,10,25,2026-06-03,1,1400000,paid
907,158,15,2026-07-25,1,600000,refunded
908,463,18,2026-04-06,1,1500000,refunded
909,379,24,2026-06-20,1,230000,pending
910,378,4,2026-07-17,2,220000,pending
911,490,22,2026-04-18,2,300000,paid
912,101,29,2026-08-07,2,160000,failed
913,305,16,2026-07-26,2,620000,paid
914,400,9,2026-06-26,3,2700000,refunded
915,70,26,2026-08-13,1,3000000,failed
916,70,16,2026-06-29,0,0,failed
917,283,27,2026-03-01,1,175000,pending
918,368,12,2026-05-27,2,310000,pending
919,124,10,2026-05-24,1,220000,paid
920,378,10,2026-04-20,1,220000,failed
921,443,1,2026-06-18,3,555000,paid
922,56,11,2026-04-16,3,810000,failed
923,482,16,2026-03-10,3,930000,failed
924,445,18,2026-07-25,1,1500000,cancelled
925,257,14,2026-04-28,0,0,pending
926,366,8,2026-04-04,3,2400000,pending
927,279,20,2026-05-20,1,200000,paid
928,396,11,2026-08-18,3,810000,cancelled
929,254,7,2026-04-08,1,500000,failed
930,54,16,2026-03-21,3,930000,failed
931,70,12,2026-05-01,2,310000,pending
932,175,24,2026-07-26,2,460000,paid
933,176,25,2026-07-07,1,1400000,failed
934,477,8,2026-03-13,1,800000,refunded
935,244,4,2026-06-17,3,330000,paid
936,58,8,2026-04-23,2,1600000,failed
937,230,8,2026-06-13,1,800000,refunded
938,381,13,2026-05-02,1,120000,paid
939,236,13,2026-05-28,3,360000,cancelled
940,170,16,2026-07-29,3,930000,pending
941,118,30,2026-06-10,1,550000,paid
942,68,9,2026-06-26,1,900000,cancelled
943,345,5,2026-06-02,1,150000,paid
944,366,3,2026-08-06,3,177000,pending
945,359,21,2026-05-21,1,79000,cancelled
946,235,4,2026-04-21,1,110000,failed
947,88,21,2026-06-11,2,158000,failed
948,421,26,2026-08-11,2,6000000,cancelled
949,299,8,2026-03-25,1,800000,paid
950,42,2,2026-07-20,2,110000,refunded
951,320,28,2026-06-30,3,420000,cancelled
952,106,3,2026-03-17,3,177000,paid
953,40,26,2026-06-29,1,3000000,refunded
954,96,23,2026-04-22,1,160000,failed
955,443,5,2026-08-20,2,300000,failed
956,160,8,2026-07-21,2,1600000,failed
957,253,5,2026-05-07,1,150000,refunded
958,167,24,2026-03-30,2,460000,failed
959,133,2,2026-05-04,0,0,failed
960,149,18,2026-08-18,3,4500000,pending
961,8,9,2026-04-09,3,2700000,refunded
962,295,4,2026-06-01,3,330000,refunded
963,345,26,2026-06-24,3,9000000,cancelled
964,403,19,2026-05-31,2,1400000,refunded
965,428,25,2026-05-28,1,1400000,paid
966,297,17,2026-08-05,1,155000,pending
967,348,6,2026-07-03,3,270000,refunded
968,159,26,2026-08-25,1,3000000,pending
969,169,11,2026-07-25,1,270000,pending
970,78,23,2026-04-29,2,320000,paid
971,457,5,2026-04-23,3,450000,failed
972,30,3,2026-05-11,2,118000,paid
973,249,22,2026-06-16,2,300000,cancelled
974,173,18,2026-06-17,2,3000000,pending
975,269,14,2026-03-15,1,120000,refunded
976,141,16,2026-05-09,1,310000,failed
977,366,4,2026-05-13,2,220000,cancelled
978,370,28,2026-08-09,2,280000,cancelled
979,321,14,2026-04-29,3,360000,refunded
980,202,12,2026-03-07,3,465000,cancelled
981,60,25,2026-07-22,1,1400000,failed
982,410,24,2026-03-06,2,460000,cancelled
983,218,13,2026-04-18,3,-360000,failed
984,300,20,2026-08-17,3,600000,pending
985,41,10,2026-04-10,0,0,refunded
986,278,17,2026-05-07,2,310000,failed
987,113,5,2026-05-12,1,150000,cancelled
988,385,2,2026-04-19,2,110000,cancelled
989,29,11,2026-08-28,2,540000,failed
990,219,23,2026-03-11,0,0,cancelled
991,75,15,2026-07-11,3,1800000,cancelled
992,431,12,2026-04-19,1,155000,refunded
993,459,1,2026-08-14,1,185000,cancelled
994,254,29,2026-08-12,1,80000,paid
995,80,21,2026-08-06,1,79000,pending
996,481,15,2026-08-16,1,600000,failed
997,373,4,2026-06-11,1,110000,failed
998,376,5,2026-06-26,2,300000,refunded
999,461,1,2026-08-20,3,555000,pending
1000,466,7,2026-04-04,0,0,paid
1001,349,11,2026-07-17,0,0,refunded
1002,125,11,2026-07-16,3,810000,paid
1003,191,4,2026-05-21,3,330000,failed
1004,266,9,2026-05-22,3,2700000,pending
1005,369,28,2026-08-19,1,140000,cancelled
1006,433,19,2026-06-30,2,1400000,pending
1007,431,9,2026-06-20,2,1800000,pending
1008,306,4,2026-07-08,1,110000,refunded
1009,279,6,2026-04-17,1,90000,refunded
1010,234,24,2026-05-24,3,690000,paid
1011,3,19,2026-08-08,1,700000,cancelled
1012,396,27,2026-05-05,1,175000,cancelled
1013,180,7,2026-03-20,1,500000,paid
1014,187,23,2026-04-23,3,480000,failed
1015,425,1,2026-08-28,1,185000,pending
1016,285,24,2026-04-15,3,690000,paid
1017,163,22,2026-07-24,1,150000,pending
1018,76,13,2026-04-14,2,240000,refunded
1019,225,24,2026-08-06,2,460000,refunded
1020,159,9,2026-04-07,3,2700000,paid
1021,270,8,2026-08-02,3,2400000,cancelled
1022,359,24,2026-03-13,2,460000,paid
1023,21,15,2026-03-25,3,1800000,refunded
1024,93,12,2026-05-31,3,465000,refunded
1025,187,25,2026-03-07,2,2800000,cancelled
1026,255,12,2026-07-25,2,310000,paid
1027,452,24,2026-03-15,3,690000,pending
1028,80,2,2026-06-04,2,110000,pending
1029,326,26,2026-04-08,0,0,paid
1030,374,27,2026-08-11,3,525000,failed
1031,3,14,2026-06-22,3,360000,pending
1032,178,6,2026-05-19,3,270000,pending
1033,304,10,2026-06-19,2,440000,refunded
1034,96,28,2026-06-13,1,140000,refunded
1035,347,8,2026-06-07,1,800000,paid
1036,286,30,2026-04-07,1,550000,cancelled
1037,180,22,2026-08-31,1,150000,pending
1038,490,22,2026-08-16,3,450000,failed
1039,325,5,2026-06-22,2,300000,paid
1040,379,19,2026-04-02,1,700000,refunded
1041,357,29,2026-03-16,2,160000,failed
1042,289,12,2026-07-04,1,155000,failed
1043,197,15,2026-05-03,2,1200000,refunded
1044,440,9,2026-07-11,3,-2700000,paid
1045,465,12,2026-07-13,1,-155000,pending
1046,160,28,2026-08-28,1,140000,cancelled
1047,22,28,2026-03-12,0,0,failed
1048,149,11,2026-06-22,2,540000,refunded
1049,5,19,2026-06-17,3,2100000,pending
1050,205,8,2026-08-09,3,2400000,failed
1051,103,21,2026-05-03,2,158000,refunded
1052,102,15,2026-07-02,2,1200000,paid
1053,282,12,2026-05-28,1,155000,cancelled
1054,495,6,2026-03-22,2,180000,refunded
1055,184,25,2026-07-19,2,2800000,paid
1056,435,27,2026-05-03,2,350000,failed
1057,312,19,2026-03-30,3,2100000,refunded
1058,24,28,2026-03-13,1,140000,paid
1059,261,22,2026-07-20,2,300000,refunded
1060,225,19,2026-03-30,2,1400000,paid
1061,482,5,2026-08-15,1,150000,paid
1062,28,11,2026-07-29,3,810000,pending
1063,155,4,2026-03-19,3,330000,cancelled
1064,256,13,2026-05-20,1,120000,cancelled
1065,455,14,2026-06-15,3,360000,cancelled
1066,457,30,2026-03-01,2,1100000,paid
1067,447,2,2026-03-17,2,110000,failed
1068,331,28,2026-05-29,1,140000,cancelled
1069,15,2,2026-03-22,3,165000,pending
1070,227,21,2026-07-30,2,158000,pending
1071,301,22,2026-08-30,0,0,cancelled
1072,394,3,2026-06-01,3,177000,paid
1073,373,3,2026-04-12,1,59000,paid
1074,314,16,2026-04-15,3,930000,pending
1075,424,25,2026-08-25,2,2800000,paid
1076,393,6,2026-04-17,3,270000,failed
1077,54,13,2026-05-26,2,-240000,failed
1078,17,5,2026-06-30,2,300000,refunded
1079,416,24,2026-05-12,3,690000,failed
1080,263,9,2026-04-13,3,2700000,cancelled
1081,374,22,2026-08-08,1,150000,pending
1082,440,1,2026-04-13,3,555000,cancelled
1083,490,24,2026-06-11,1,230000,cancelled
1084,199,4,2026-05-03,3,330000,pending
1085,31,21,2026-03-28,2,158000,refunded
1086,50,17,2026-08-07,3,465000,pending
1087,25,5,2026-07-12,2,300000,paid
1088,249,25,2026-04-14,2,2800000,failed
1089,240,15,2026-03-11,3,1800000,refunded
1090,170,11,2026-06-21,3,810000,cancelled
1091,475,17,2026-06-18,1,155000,cancelled
1092,420,10,2026-05-14,1,220000,failed
1093,255,19,2026-03-12,1,700000,cancelled
1094,432,17,2026-07-02,3,465000,refunded
1095,452,16,2026-04-17,2,620000,cancelled
1096,298,21,2026-03-16,1,79000,cancelled
1097,379,7,2026-06-08,1,500000,paid
1098,138,4,2026-05-10,3,330000,refunded
1099,146,23,2026-07-25,2,320000,pending
1100,237,10,2026-04-21,2,440000,paid
1101,209,21,2026-04-15,1,79000,failed
1102,162,21,2026-07-18,2,158000,refunded
1103,427,28,2026-08-09,2,280000,pending
1104,162,11,2026-08-24,2,540000,paid
1105,123,20,2026-07-22,2,400000,refunded
1106,107,30,2026-07-23,2,1100000,paid
1107,153,21,2026-08-05,2,158000,paid
1108,152,8,2026-05-25,2,1600000,paid
1109,405,26,2026-03-30,3,9000000,refunded
1110,420,6,2026-03-10,3,270000,refunded
1111,214,15,2026-07-15,1,600000,paid
1112,189,9,2026-04-14,1,900000,paid
1113,413,24,2026-04-09,1,230000,paid
1114,463,23,2026-03-12,3,480000,pending
1115,57,27,2026-04-23,3,525000,pending
1116,334,20,2026-04-10,3,600000,refunded
1117,180,20,2026-05-17,3,600000,pending
1118,175,11,2026-08-08,3,810000,failed
1119,417,1,2026-07-31,1,185000,pending
1120,123,20,2026-04-01,2,400000,pending
1121,118,14,2026-04-01,1,120000,failed
1122,328,9,2026-04-08,2,1800000,pending
1123,50,25,2026-08-02,2,2800000,cancelled
1124,133,21,2026-05-07,1,79000,refunded
1125,394,3,2026-03-03,1,-59000,cancelled
1126,334,1,2026-03-30,3,555000,pending
1127,91,2,2026-04-22,3,165000,pending
1128,350,9,2026-04-02,3,2700000,pending
1129,457,4,2026-03-29,0,0,refunded
1130,382,19,2026-08-02,3,2100000,refunded
1131,281,29,2026-03-25,2,160000,pending
1132,12,27,2026-07-21,3,525000,failed
1133,360,12,2026-08-09,1,155000,refunded
1134,434,27,2026-04-24,1,175000,pending
1135,87,22,2026-06-08,2,300000,refunded
1136,53,2,2026-03-10,2,110000,refunded
1137,317,16,2026-07-21,2,620000,cancelled
1138,494,7,2026-07-22,2,1000000,pending
1139,341,12,2026-08-13,1,155000,failed
1140,36,16,2026-05-11,2,620000,failed
1141,230,2,2026-06-07,3,165000,paid
1142,440,16,2026-05-31,1,310000,cancelled
1143,378,19,2026-03-21,3,2100000,failed
1144,492,4,2026-08-03,1,110000,paid
1145,474,29,2026-05-04,2,160000,pending
1146,106,8,2026-04-10,1,800000,refunded
1147,281,5,2026-05-02,2,300000,paid
1148,432,27,2026-06-16,0,0,refunded
1149,128,13,2026-06-17,2,240000,paid
1150,14,26,2026-04-15,2,6000000,failed
1151,203,6,2026-05-01,3,270000,refunded
1152,14,17,2026-03-07,3,465000,failed
1153,100,24,2026-08-06,2,460000,cancelled
1154,123,15,2026-05-05,3,1800000,failed
1155,446,21,2026-03-23,1,79000,cancelled
1156,413,17,2026-05-26,3,465000,cancelled
1157,451,17,2026-07-11,2,310000,refunded
1158,477,28,2026-08-03,0,0,paid
1159,367,25,2026-05-18,3,4200000,failed
1160,486,16,2026-08-09,2,620000,failed
1161,180,4,2026-03-24,2,220000,cancelled
1162,39,8,2026-06-21,2,1600000,cancelled
1163,227,30,2026-04-24,2,1100000,cancelled
1164,277,25,2026-04-25,2,2800000,paid
1165,418,5,2026-08-03,2,-300000,pending
1166,207,18,2026-03-12,1,1500000,pending
1167,258,8,2026-08-18,1,800000,cancelled
1168,134,7,2026-07-17,3,1500000,failed
1169,135,10,2026-05-07,3,660000,paid
1170,432,3,2026-06-23,1,59000,refunded
1171,293,3,2026-06-22,2,118000,cancelled
1172,277,29,2026-07-03,2,160000,pending
1173,56,17,2026-03-19,1,155000,cancelled
1174,341,4,2026-08-14,1,110000,failed
1175,328,29,2026-07-29,1,80000,paid
1176,278,30,2026-04-22,3,1650000,refunded
1177,392,14,2026-05-24,1,120000,cancelled
1178,97,23,2026-03-23,2,320000,paid
1179,214,2,2026-05-01,2,110000,paid
1180,223,18,2026-04-28,3,4500000,paid
1181,195,29,2026-06-13,2,160000,pending
1182,290,3,2026-08-18,3,177000,refunded
1183,291,13,2026-04-23,1,120000,paid
1184,81,6,2026-03-11,3,270000,paid
1185,449,17,2026-05-10,3,465000,failed
1186,268,2,2026-05-27,1,55000,failed
1187,45,29,2026-04-23,3,240000,pending
1188,29,26,2026-04-17,3,-9000000,cancelled
1189,483,14,2026-03-22,2,240000,cancelled
1190,286,12,2026-08-02,2,310000,paid
1191,453,17,2026-07-29,3,465000,cancelled
1192,449,20,2026-04-24,1,200000,refunded
1193,125,23,2026-06-19,1,160000,cancelled
1194,32,7,2026-05-02,1,500000,paid
1195,481,9,2026-07-27,1,900000,refunded
1196,118,9,2026-05-28,3,2700000,paid
1197,178,28,2026-05-18,1,140000,failed
1198,40,29,2026-06-12,1,80000,cancelled
1199,331,25,2026-04-30,1,1400000,refunded
1200,391,28,2026-07-26,0,0,failed
1201,283,18,2026-03-27,3,4500000,failed
1202,192,24,2026-06-08,1,230000,refunded
1203,6,30,2026-07-27,1,550000,refunded
1204,272,29,2026-07-29,0,0,failed
1205,439,26,2026-05-08,1,3000000,paid
1206,384,15,2026-08-01,3,1800000,refunded
1207,314,6,2026-04-16,1,90000,failed
1208,405,26,2026-04-20,3,9000000,paid
1209,450,10,2026-03-05,1,220000,refunded
1210,283,13,2026-07-07,3,360000,refunded
1211,127,4,2026-04-16,1,110000,refunded
1212,192,6,2026-08-06,3,270000,pending
1213,401,20,2026-04-11,3,600000,pending
1214,254,29,2026-04-06,2,160000,refunded
1215,320,21,2026-05-15,2,158000,pending
1216,234,4,2026-07-09,2,220000,paid
1217,12,19,2026-06-27,1,700000,paid
1218,482,21,2026-04-17,2,158000,pending
1219,269,3,2026-04-08,1,59000,paid
1220,44,17,2026-07-13,2,310000,failed
1221,384,4,2026-06-08,1,110000,refunded
1222,287,2,2026-06-27,2,110000,cancelled
1223,34,17,2026-03-03,3,465000,failed
1224,278,26,2026-06-27,3,9000000,paid
1225,422,21,2026-03-31,1,79000,failed
1226,434,9,2026-07-30,2,1800000,cancelled
1227,466,28,2026-06-03,3,420000,pending
1228,10,19,2026-03-12,2,1400000,refunded
1229,281,24,2026-08-10,1,230000,cancelled
1230,172,5,2026-04-22,2,300000,paid
1231,233,5,2026-08-02,3,450000,refunded
1232,13,30,2026-07-23,2,1100000,paid
1233,492,27,2026-05-04,3,525000,failed
1234,499,9,2026-04-02,2,1800000,pending
1235,34,17,2026-04-21,0,0,refunded
1236,219,21,2026-08-14,2,158000,pending
1237,427,7,2026-04-04,1,500000,refunded
1238,52,24,2026-08-17,1,230000,paid
1239,212,14,2026-05-27,2,240000,pending
1240,178,29,2026-03-14,3,240000,pending
1241,193,24,2026-04-28,1,230000,refunded
1242,473,9,2026-07-31,3,2700000,refunded
1243,421,2,2026-05-16,2,110000,cancelled
1244,21,17,2026-07-10,1,155000,cancelled
1245,100,5,2026-04-02,1,150000,refunded
1246,78,11,2026-08-25,1,270000,cancelled
1247,156,30,2026-03-02,1,550000,paid
1248,173,26,2026-05-30,1,3000000,failed
1249,309,7,2026-03-22,1,500000,failed
1250,60,7,2026-08-05,2,1000000,refunded
1251,332,4,2026-07-16,3,330000,cancelled
1252,426,30,2026-06-14,2,1100000,cancelled
1253,318,24,2026-08-21,0,0,cancelled
1254,147,15,2026-05-09,2,1200000,pending
1255,18,22,2026-06-09,2,300000,failed
1256,480,16,2026-07-16,2,620000,paid
1257,77,2,2026-08-04,0,0,failed
1258,271,12,2026-05-20,1,155000,cancelled
1259,60,10,2026-04-19,1,220000,pending
1260,440,26,2026-06-18,3,9000000,refunded
1261,191,30,2026-03-18,3,1650000,paid
1262,369,23,2026-04-19,3,480000,cancelled
1263,240,7,2026-03-26,3,1500000,paid
1264,275,28,2026-03-31,2,280000,refunded
1265,419,13,2026-06-26,3,360000,pending
1266,119,21,2026-08-08,2,158000,pending
1267,55,26,2026-03-15,2,6000000,refunded
1268,53,11,2026-07-25,2,540000,cancelled
1269,250,5,2026-03-12,1,150000,pending
1270,137,15,2026-08-08,3,1800000,cancelled
1271,140,12,2026-06-09,2,310000,pending
1272,359,29,2026-03-03,2,160000,refunded
1273,324,9,2026-03-02,2,1800000,failed
1274,282,3,2026-04-12,3,177000,failed
1275,463,5,2026-03-31,3,450000,cancelled
1276,17,13,2026-05-09,2,240000,failed
1277,413,14,2026-07-02,1,120000,refunded
1278,140,18,2026-07-19,3,4500000,pending
1279,154,19,2026-06-11,3,2100000,cancelled
1280,28,12,2026-08-16,1,155000,paid
1281,479,5,2026-08-23,0,0,paid
1282,376,7,2026-07-31,1,500000,pending
1283,86,3,2026-06-15,3,177000,cancelled
1284,497,24,2026-07-29,2,460000,paid
1285,194,13,2026-05-27,3,360000,refunded
1286,200,2,2026-07-02,3,165000,cancelled
1287,212,27,2026-08-28,3,525000,failed
1288,300,6,2026-04-30,0,0,pending
1289,293,13,2026-04-16,1,120000,pending
1290,15,28,2026-07-06,1,140000,paid
1291,339,5,2026-07-16,2,300000,cancelled
1292,265,1,2026-06-21,1,185000,cancelled
1293,295,27,2026-08-16,1,175000,paid
1294,491,26,2026-08-05,3,9000000,cancelled
1295,101,9,2026-04-26,2,1800000,refunded
1296,325,19,2026-08-04,2,1400000,cancelled
1297,21,25,2026-08-07,3,4200000,refunded
1298,258,26,2026-04-04,1,3000000,pending
1299,493,12,2026-05-14,1,155000,pending
1300,359,10,2026-07-12,2,440000,paid
1301,54,25,2026-08-12,1,1400000,refunded
1302,280,20,2026-07-09,3,600000,refunded
1303,471,5,2026-03-19,1,150000,pending
1304,431,12,2026-05-19,2,310000,cancelled
1305,383,22,2026-04-28,2,300000,failed
1306,217,17,2026-03-22,3,465000,failed
1307,238,2,2026-08-22,2,110000,failed
1308,358,22,2026-04-16,2,300000,paid
1309,84,21,2026-04-22,1,79000,refunded
1310,26,20,2026-05-16,3,600000,paid
1311,236,23,2026-05-23,1,160000,failed
1312,212,19,2026-08-27,1,700000,cancelled
1313,403,10,2026-07-31,3,660000,paid
1314,360,22,2026-07-06,2,300000,failed
1315,202,26,2026-05-05,2,6000000,failed
1316,430,23,2026-06-14,1,160000,cancelled
1317,204,1,2026-06-27,0,0,pending
1318,461,14,2026-08-01,3,360000,cancelled
1319,120,15,2026-05-02,1,600000,paid
1320,254,16,2026-08-19,2,620000,paid
1321,482,7,2026-08-14,2,1000000,pending
1322,191,26,2026-07-17,3,9000000,paid
1323,109,13,2026-04-07,1,120000,refunded
1324,301,20,2026-04-28,1,200000,paid
1325,483,16,2026-08-21,1,310000,failed
1326,46,10,2026-08-27,3,660000,cancelled
1327,455,27,2026-07-16,2,350000,cancelled
1328,156,28,2026-06-21,2,280000,failed
1329,14,20,2026-04-26,2,400000,failed
1330,63,4,2026-05-02,3,330000,cancelled
1331,404,27,2026-05-15,1,175000,pending
1332,400,5,2026-03-04,2,300000,failed
1333,449,4,2026-04-20,3,330000,paid
1334,49,25,2026-06-09,1,1400000,paid
1335,374,7,2026-05-17,0,0,cancelled
1336,273,5,2026-08-19,2,300000,pending
1337,44,12,2026-06-15,1,155000,failed
1338,63,28,2026-05-14,3,420000,paid
1339,251,6,2026-06-15,1,90000,pending
1340,459,6,2026-05-24,3,270000,failed
1341,213,27,2026-08-29,2,350000,pending
1342,391,16,2026-05-09,2,620000,pending
1343,54,25,2026-06-25,2,2800000,pending
1344,435,2,2026-06-27,3,165000,refunded
1345,34,16,2026-03-08,3,930000,failed
1346,238,1,2026-05-29,2,370000,refunded
1347,67,23,2026-04-24,1,160000,paid
1348,310,16,2026-05-03,2,620000,pending
1349,5,23,2026-03-10,2,320000,pending
1350,171,30,2026-06-17,3,1650000,paid
1351,476,8,2026-07-29,2,1600000,paid
1352,470,17,2026-08-01,1,155000,failed
1353,257,1,2026-07-11,2,370000,failed
1354,318,5,2026-03-26,1,150000,paid
1355,96,1,2026-08-05,3,555000,failed
1356,379,27,2026-06-16,1,175000,failed
1357,26,27,2026-07-25,2,350000,pending
1358,221,5,2026-08-16,3,450000,paid
1359,475,8,2026-05-10,3,2400000,failed
1360,392,24,2026-06-02,1,230000,failed
1361,225,20,2026-08-09,1,200000,cancelled
1362,252,6,2026-07-22,3,270000,pending
1363,183,30,2026-04-11,2,1100000,pending
1364,225,3,2026-06-21,1,59000,failed
1365,177,15,2026-07-23,1,600000,paid
1366,478,23,2026-04-26,3,480000,pending
1367,398,11,2026-07-29,3,810000,paid
1368,37,9,2026-03-04,2,1800000,failed
1369,278,16,2026-07-02,1,310000,refunded
1370,469,27,2026-03-01,1,175000,refunded
1371,487,13,2026-08-04,2,240000,paid
1372,51,20,2026-03-19,2,400000,cancelled
1373,370,30,2026-03-20,2,1100000,failed
1374,442,13,2026-05-28,3,360000,paid
1375,436,11,2026-03-14,2,540000,refunded
1376,435,5,2026-04-13,1,150000,refunded
1377,438,3,2026-08-27,3,177000,cancelled
1378,403,23,2026-08-12,2,320000,pending
1379,410,20,2026-07-10,2,400000,cancelled
1380,398,21,2026-04-06,3,237000,failed
1381,379,22,2026-03-16,1,150000,failed
1382,236,29,2026-06-27,3,240000,paid
1383,215,10,2026-03-16,1,220000,pending
1384,274,18,2026-05-10,2,3000000,failed
1385,461,12,2026-07-18,3,465000,cancelled
1386,422,2,2026-07-04,3,165000,cancelled
1387,151,9,2026-05-11,3,2700000,cancelled
1388,229,16,2026-04-26,3,930000,pending
1389,371,13,2026-04-21,3,360000,pending
1390,482,11,2026-03-22,2,540000,pending
1391,399,21,2026-07-04,3,237000,pending
1392,18,19,2026-03-22,1,700000,refunded
1393,257,30,2026-05-16,1,550000,paid
1394,207,13,2026-06-11,3,360000,paid
1395,7,25,2026-03-12,2,2800000,refunded
1396,160,25,2026-06-26,2,2800000,refunded
1397,111,9,2026-06-26,3,2700000,paid
1398,438,2,2026-06-18,3,165000,cancelled
1399,306,24,2026-03-09,2,460000,paid
1400,182,29,2026-06-11,3,240000,cancelled
1401,195,14,2026-05-14,2,240000,cancelled
1402,401,17,2026-05-12,2,310000,pending
1403,246,30,2026-08-04,3,1650000,cancelled
1404,492,17,2026-06-21,1,155000,failed
1405,350,14,2026-08-06,3,360000,refunded
1406,77,18,2026-06-08,3,4500000,cancelled
1407,53,18,2026-03-22,2,3000000,pending
1408,26,13,2026-08-07,1,120000,cancelled
1409,160,14,2026-03-11,1,120000,failed
1410,152,9,2026-05-30,1,900000,refunded
1411,121,16,2026-08-15,3,930000,failed
1412,193,12,2026-07-17,2,310000,failed
1413,432,9,2026-08-19,1,900000,refunded
1414,425,12,2026-06-23,3,465000,refunded
1415,52,14,2026-05-07,2,240000,failed
1416,262,9,2026-05-19,2,1800000,refunded
1417,156,27,2026-04-19,3,525000,refunded
1418,202,29,2026-03-18,0,0,pending
1419,171,8,2026-05-05,2,1600000,paid
1420,128,22,2026-05-07,1,150000,paid
1421,125,2,2026-07-07,2,-110000,cancelled
1422,97,22,2026-04-11,3,450000,failed
1423,343,9,2026-05-03,3,-2700000,refunded
1424,288,24,2026-08-15,3,690000,pending
1425,65,23,2026-04-02,1,160000,cancelled
1426,499,23,2026-03-10,2,320000,paid
1427,425,23,2026-07-07,1,160000,cancelled
1428,81,26,2026-06-11,1,3000000,refunded
1429,190,7,2026-06-04,3,1500000,paid
1430,382,24,2026-05-18,1,230000,cancelled
1431,66,2,2026-08-16,2,110000,paid
1432,15,25,2026-06-25,1,1400000,cancelled
1433,89,27,2026-06-15,2,350000,refunded
1434,116,18,2026-06-14,1,1500000,pending
1435,406,23,2026-07-17,3,480000,cancelled
1436,147,8,2026-04-11,2,1600000,pending
1437,278,21,2026-03-21,2,158000,paid
1438,220,9,2026-03-21,2,1800000,paid
1439,257,14,2026-03-04,3,360000,refunded
1440,19,11,2026-05-09,2,540000,pending
1441,42,15,2026-08-27,3,1800000,refunded
1442,97,9,2026-05-24,3,2700000,pending
1443,350,28,2026-04-30,3,420000,paid
1444,273,26,2026-04-08,2,6000000,refunded
1445,210,23,2026-03-06,1,160000,refunded
1446,297,12,2026-06-20,1,155000,refunded
1447,133,24,2026-03-15,3,690000,failed
1448,81,27,2026-06-26,2,-350000,failed
1449,6,29,2026-07-04,3,240000,paid
1450,404,18,2026-08-31,2,3000000,pending
1451,49,26,2026-05-06,2,6000000,refunded
1452,200,16,2026-03-09,2,620000,paid
1453,424,9,2026-06-01,1,900000,cancelled
1454,116,20,2026-03-20,2,400000,paid
1455,382,23,2026-06-05,2,320000,cancelled
1456,392,7,2026-04-06,3,1500000,failed
1457,244,5,2026-07-24,1,150000,refunded
1458,370,28,2026-05-15,3,420000,failed
1459,326,27,2026-03-07,2,350000,cancelled
1460,26,16,2026-08-23,2,620000,paid
1461,24,1,2026-06-27,3,555000,cancelled
1462,399,27,2026-04-23,3,525000,refunded
1463,173,2,2026-05-05,2,110000,pending
1464,11,19,2026-03-26,1,-700000,refunded
1465,496,10,2026-08-03,2,440000,failed
1466,323,11,2026-05-06,2,540000,refunded
1467,175,13,2026-05-07,1,120000,refunded
1468,94,13,2026-07-23,1,120000,cancelled
1469,166,12,2026-07-02,1,155000,cancelled
1470,393,13,2026-06-03,0,0,pending
1471,420,2,2026-06-28,1,55000,paid
1472,443,13,2026-04-20,1,120000,paid
1473,159,10,2026-04-28,0,0,pending
1474,447,13,2026-06-19,2,240000,refunded
1475,255,5,2026-08-22,3,450000,failed
1476,141,22,2026-08-11,1,150000,cancelled
1477,202,30,2026-05-04,3,1650000,paid
1478,469,6,2026-06-08,2,180000,pending
1479,98,7,2026-08-13,3,1500000,paid
1480,242,14,2026-03-02,2,240000,failed
1481,375,15,2026-07-02,0,0,refunded
1482,486,5,2026-07-01,1,150000,refunded
1483,255,2,2026-04-10,1,55000,refunded
1484,406,27,2026-05-21,3,525000,paid
1485,270,21,2026-06-26,3,237000,cancelled
1486,166,16,2026-04-30,1,310000,cancelled
1487,447,10,2026-06-20,3,660000,refunded
1488,271,15,2026-06-24,2,1200000,refunded
1489,214,10,2026-07-26,1,220000,cancelled
1490,415,6,2026-08-25,2,180000,cancelled
1491,61,17,2026-06-30,1,155000,failed
1492,399,7,2026-08-14,2,-1000000,pending
1493,451,25,2026-05-02,0,0,refunded
1494,486,28,2026-07-01,1,140000,paid
1495,438,6,2026-07-21,2,180000,refunded
1496,200,4,2026-07-02,3,330000,paid
1497,391,17,2026-06-30,3,465000,pending
1498,142,24,2026-07-16,3,690000,failed
1499,313,16,2026-06-01,3,930000,paid
1500,396,1,2026-05-26,3,555000,cancelled
1501,40,30,2026-08-17,2,1100000,refunded
1502,391,13,2026-05-07,2,240000,refunded
1503,262,6,2026-07-07,1,90000,failed
1504,41,2,2026-07-17,2,110000,failed
1505,75,1,2026-08-23,1,185000,refunded
1506,170,12,2026-06-20,2,310000,pending
1507,34,3,2026-03-30,2,118000,paid
1508,101,4,2026-04-28,1,110000,pending
1509,207,9,2026-03-28,1,900000,cancelled
1510,257,8,2026-05-14,1,800000,refunded
1511,70,25,2026-08-02,1,1400000,cancelled
1512,185,27,2026-03-16,1,175000,paid
1513,22,29,2026-03-10,2,160000,refunded
1514,50,1,2026-07-26,1,185000,paid
1515,354,16,2026-04-02,1,310000,failed
1516,369,6,2026-05-10,3,270000,refunded
1517,309,19,2026-05-06,3,2100000,refunded
1518,313,11,2026-04-26,3,810000,cancelled
1519,475,17,2026-06-28,2,310000,refunded
1520,33,4,2026-07-18,2,220000,pending
1521,216,7,2026-05-14,0,0,failed
1522,267,12,2026-08-16,1,155000,refunded
1523,492,10,2026-06-12,1,220000,pending
1524,336,12,2026-07-03,2,310000,refunded
1525,130,17,2026-03-28,0,0,failed
1526,462,5,2026-05-05,1,150000,cancelled
1527,328,14,2026-08-25,3,360000,cancelled
1528,457,24,2026-06-16,2,460000,cancelled
1529,273,23,2026-04-14,3,-480000,paid
1530,417,24,2026-07-18,3,690000,cancelled
1531,403,1,2026-05-19,1,185000,paid
1532,398,25,2026-04-21,2,2800000,pending
1533,231,3,2026-08-15,3,177000,paid
1534,234,24,2026-04-19,2,460000,failed
1535,362,16,2026-03-14,1,310000,failed
1536,62,3,2026-08-12,3,177000,paid
1537,59,8,2026-07-13,3,2400000,refunded
1538,466,8,2026-08-17,3,2400000,cancelled
1539,366,19,2026-06-28,3,2100000,refunded
1540,420,5,2026-06-25,2,300000,paid
1541,472,1,2026-08-03,2,370000,pending
1542,474,22,2026-06-17,3,450000,paid
1543,86,28,2026-04-10,3,420000,refunded
1544,164,1,2026-07-06,3,-555000,paid
1545,230,27,2026-08-16,0,0,paid
1546,112,23,2026-03-10,2,320000,cancelled
1547,16,22,2026-04-21,0,0,cancelled
1548,409,15,2026-06-05,3,-1800000,failed
1549,27,5,2026-04-21,1,150000,failed
1550,343,28,2026-06-18,1,140000,refunded
1551,208,5,2026-06-23,3,450000,pending
1552,195,28,2026-08-19,2,280000,cancelled
1553,119,25,2026-04-23,1,1400000,pending
1554,3,11,2026-05-14,2,540000,paid
1555,301,16,2026-03-27,2,620000,failed
1556,175,23,2026-06-19,2,320000,cancelled
1557,301,8,2026-06-21,3,2400000,failed
1558,77,3,2026-04-08,3,177000,cancelled
1559,405,1,2026-05-30,3,555000,refunded
1560,253,12,2026-06-09,1,155000,paid
1561,46,15,2026-06-21,2,1200000,pending
1562,240,22,2026-08-23,3,450000,pending
1563,497,1,2026-04-18,2,370000,failed
1564,211,27,2026-03-16,3,525000,paid
1565,368,19,2026-08-15,1,700000,cancelled
1566,270,18,2026-05-31,2,3000000,pending
1567,409,10,2026-07-17,2,440000,pending
1568,366,19,2026-07-28,2,1400000,refunded
1569,464,13,2026-05-27,2,240000,paid
1570,447,22,2026-06-03,1,150000,refunded
1571,177,30,2026-08-04,1,550000,failed
1572,77,3,2026-06-25,1,59000,cancelled
1573,114,5,2026-08-07,2,300000,cancelled
1574,443,4,2026-03-06,2,220000,failed
1575,329,25,2026-03-19,1,1400000,paid
1576,17,23,2026-07-03,2,320000,failed
1577,406,8,2026-07-12,2,1600000,pending
1578,363,13,2026-08-03,1,120000,pending
1579,274,5,2026-07-12,1,150000,paid
1580,213,18,2026-03-10,3,4500000,refunded
1581,354,28,2026-04-26,2,280000,paid
1582,153,27,2026-04-16,2,350000,refunded
1583,142,18,2026-06-29,1,1500000,pending
1584,305,10,2026-08-31,2,440000,paid
1585,273,27,2026-05-17,2,350000,cancelled
1586,34,1,2026-03-30,2,370000,refunded
1587,255,18,2026-07-08,3,4500000,failed
1588,7,25,2026-08-03,2,2800000,refunded
1589,298,16,2026-08-29,3,930000,paid
1590,97,30,2026-07-31,3,1650000,failed
1591,493,6,2026-03-06,3,270000,pending
1592,96,17,2026-03-21,2,310000,refunded
1593,103,4,2026-03-11,2,220000,paid
1594,452,3,2026-03-01,2,118000,cancelled
1595,422,15,2026-07-04,3,1800000,failed
1596,328,26,2026-05-24,1,3000000,failed
1597,61,27,2026-06-13,1,-175000,refunded
1598,312,4,2026-05-02,3,330000,paid
1599,193,26,2026-08-12,3,9000000,pending
1600,480,7,2026-08-28,2,1000000,refunded
1601,117,16,2026-05-18,3,930000,failed
1602,311,27,2026-07-09,3,525000,cancelled
1603,372,30,2026-05-13,0,0,failed
1604,193,23,2026-07-27,1,160000,cancelled
1605,191,24,2026-03-17,3,690000,pending
1606,185,5,2026-07-07,3,450000,paid
1607,344,15,2026-05-14,3,1800000,refunded
1608,419,11,2026-03-01,3,810000,pending
1609,138,18,2026-03-16,0,0,cancelled
1610,458,9,2026-04-05,1,900000,failed
1611,406,23,2026-07-21,1,160000,paid
1612,300,22,2026-03-07,2,300000,pending
1613,382,19,2026-03-21,1,700000,refunded
1614,328,12,2026-08-19,3,465000,pending
1615,317,12,2026-07-14,3,465000,failed
1616,104,13,2026-05-03,2,240000,refunded
1617,435,18,2026-05-20,1,1500000,paid
1618,418,12,2026-03-19,2,310000,cancelled
1619,466,19,2026-06-05,3,2100000,pending
1620,91,26,2026-04-24,3,9000000,refunded
1621,217,7,2026-08-15,2,1000000,failed
1622,197,23,2026-03-14,2,320000,cancelled
1623,110,30,2026-07-22,2,1100000,paid
1624,125,15,2026-07-02,2,1200000,failed
1625,373,12,2026-05-02,1,155000,cancelled
1626,351,24,2026-07-01,1,230000,cancelled
1627,309,25,2026-08-08,0,0,pending
1628,498,7,2026-04-28,2,1000000,refunded
1629,247,19,2026-08-18,0,0,pending
1630,241,20,2026-08-10,1,200000,cancelled
1631,387,8,2026-06-21,2,1600000,paid
1632,216,2,2026-08-15,2,110000,failed
1633,166,19,2026-07-19,3,2100000,failed
1634,228,19,2026-05-14,2,1400000,paid
1635,393,17,2026-04-19,3,465000,cancelled
1636,219,7,2026-04-14,2,1000000,paid
1637,92,29,2026-03-16,0,0,refunded
1638,458,26,2026-08-13,1,3000000,cancelled
1639,28,29,2026-05-06,3,240000,refunded
1640,12,15,2026-04-11,2,1200000,refunded
1641,297,2,2026-07-13,1,55000,paid
1642,21,3,2026-07-22,2,118000,pending
1643,218,23,2026-05-29,2,320000,cancelled
1644,360,16,2026-04-02,3,930000,failed
1645,338,11,2026-07-14,1,270000,cancelled
1646,63,20,2026-05-31,2,400000,paid
1647,490,14,2026-07-24,1,120000,failed
1648,209,12,2026-06-22,3,465000,failed
1649,184,3,2026-03-04,0,0,cancelled
1650,485,22,2026-03-03,3,450000,pending
1651,381,11,2026-05-27,1,270000,failed
1652,394,28,2026-06-04,2,280000,cancelled
1653,41,4,2026-04-27,1,110000,cancelled
1654,500,13,2026-07-21,2,240000,paid
1655,158,22,2026-08-21,2,300000,cancelled
1656,331,29,2026-03-29,2,160000,pending
1657,186,9,2026-07-12,3,2700000,failed
1658,435,14,2026-06-27,3,360000,refunded
1659,40,5,2026-04-21,3,450000,cancelled
1660,337,17,2026-08-25,2,310000,cancelled
1661,405,9,2026-06-11,3,2700000,refunded
1662,306,8,2026-05-13,2,1600000,cancelled
1663,260,24,2026-05-19,2,460000,cancelled
1664,174,14,2026-08-24,1,120000,paid
1665,239,18,2026-07-20,2,3000000,pending
1666,485,1,2026-05-07,1,185000,refunded
1667,425,7,2026-08-31,2,1000000,paid
1668,148,2,2026-04-18,3,165000,failed
1669,460,21,2026-08-08,2,158000,failed
1670,478,18,2026-04-26,2,3000000,refunded
1671,360,10,2026-08-23,2,440000,paid
1672,82,6,2026-05-09,0,0,failed
1673,325,15,2026-04-22,1,600000,paid
1674,345,28,2026-06-12,3,420000,pending
1675,131,10,2026-06-05,0,0,paid
1676,177,27,2026-07-06,1,175000,pending
1677,212,9,2026-08-26,1,900000,failed
1678,466,8,2026-03-05,2,1600000,cancelled
1679,308,12,2026-08-23,1,155000,cancelled
1680,114,24,2026-07-09,0,0,cancelled
1681,77,29,2026-04-01,2,160000,cancelled
1682,32,13,2026-04-07,1,120000,refunded
1683,458,20,2026-04-19,3,600000,failed
1684,378,14,2026-05-10,2,240000,paid
1685,64,9,2026-07-24,3,2700000,pending
1686,138,22,2026-06-14,1,150000,refunded
1687,140,22,2026-08-17,1,150000,paid
1688,386,6,2026-08-05,3,270000,pending
1689,63,24,2026-08-10,3,690000,cancelled
1690,358,16,2026-03-29,2,620000,cancelled
1691,31,25,2026-04-02,3,4200000,failed
1692,269,21,2026-05-17,1,79000,cancelled
1693,277,6,2026-05-11,0,0,refunded
1694,63,21,2026-04-12,1,79000,cancelled
1695,298,21,2026-04-12,1,79000,paid
1696,230,28,2026-08-31,1,140000,failed
1697,164,19,2026-07-30,2,1400000,failed
1698,88,13,2026-05-13,1,120000,failed
1699,168,2,2026-03-20,1,55000,failed
1700,272,4,2026-03-01,3,330000,failed
1701,12,5,2026-03-22,0,0,failed
1702,404,19,2026-03-25,1,700000,failed
1703,354,17,2026-04-02,2,310000,pending
1704,451,6,2026-08-23,2,180000,cancelled
1705,256,25,2026-08-03,1,1400000,pending
1706,70,8,2026-06-22,1,800000,failed
1707,298,27,2026-07-10,2,350000,paid
1708,245,20,2026-03-06,3,600000,refunded
1709,370,18,2026-04-29,2,3000000,paid
1710,293,26,2026-04-18,3,9000000,refunded
1711,321,18,2026-07-03,2,3000000,failed
1712,275,11,2026-07-25,2,540000,cancelled
1713,52,24,2026-06-16,2,460000,paid
1714,150,20,2026-04-27,3,600000,failed
1715,477,6,2026-08-25,1,90000,pending
1716,291,11,2026-06-26,3,810000,failed
1717,8,13,2026-05-27,3,360000,refunded
1718,260,12,2026-07-07,2,310000,cancelled
1719,407,6,2026-04-21,1,90000,failed
1720,370,1,2026-07-23,1,185000,pending
1721,87,10,2026-07-09,3,660000,refunded
1722,26,9,2026-04-06,1,-900000,pending
1723,151,29,2026-03-21,1,80000,failed
1724,181,24,2026-04-21,1,230000,paid
1725,169,22,2026-03-03,3,450000,paid
1726,228,29,2026-07-08,2,160000,failed
1727,413,10,2026-05-13,1,220000,failed
1728,448,20,2026-04-25,3,600000,refunded
1729,360,1,2026-07-06,1,185000,pending
1730,224,8,2026-04-10,3,-2400000,cancelled
1731,115,21,2026-06-07,2,158000,cancelled
1732,255,28,2026-05-20,2,280000,cancelled
1733,108,8,2026-07-19,3,2400000,paid
1734,411,27,2026-08-03,2,350000,cancelled
1735,31,18,2026-08-22,3,4500000,refunded
1736,1,28,2026-03-14,1,140000,refunded
1737,313,19,2026-07-07,3,2100000,paid
1738,22,17,2026-05-04,1,155000,refunded
1739,20,7,2026-06-30,0,0,failed
1740,149,3,2026-03-25,3,177000,failed
1741,340,14,2026-08-06,3,360000,failed
1742,442,7,2026-07-07,1,500000,cancelled
1743,474,15,2026-07-27,1,600000,cancelled
1744,430,10,2026-06-25,3,660000,failed
1745,211,17,2026-04-20,2,310000,refunded
1746,391,6,2026-03-12,2,180000,refunded
1747,371,26,2026-05-22,3,9000000,pending
1748,425,16,2026-07-07,2,620000,refunded
1749,25,17,2026-05-22,3,465000,paid
1750,101,17,2026-03-01,2,310000,failed
1751,456,28,2026-03-29,1,140000,refunded
1752,426,3,2026-07-29,3,177000,refunded
1753,417,12,2026-03-26,3,465000,cancelled
1754,329,24,2026-07-15,3,690000,paid
1755,262,9,2026-03-02,1,900000,pending
1756,316,17,2026-07-16,3,465000,paid
1757,294,2,2026-07-07,2,110000,cancelled
1758,104,29,2026-05-18,3,240000,failed
1759,278,26,2026-08-30,0,0,failed
1760,139,1,2026-06-17,1,185000,paid
1761,46,24,2026-08-09,3,690000,failed
1762,127,5,2026-03-06,0,0,refunded
1763,341,1,2026-06-16,1,-185000,failed
1764,83,11,2026-04-08,2,540000,failed
1765,378,6,2026-03-07,3,270000,paid
1766,36,4,2026-07-13,3,330000,refunded
1767,411,29,2026-05-20,0,0,failed
1768,36,5,2026-05-19,1,150000,pending
1769,496,7,2026-05-04,3,1500000,pending
1770,483,2,2026-03-15,3,165000,failed
1771,161,17,2026-03-12,3,465000,failed
1772,446,12,2026-07-15,2,310000,refunded
1773,206,28,2026-07-15,1,140000,pending
1774,419,17,2026-08-05,1,155000,refunded
1775,220,13,2026-07-06,3,360000,pending
1776,37,7,2026-07-15,3,1500000,paid
1777,217,3,2026-05-15,1,59000,paid
1778,254,29,2026-06-27,3,240000,pending
1779,32,18,2026-04-26,2,3000000,paid
1780,24,28,2026-03-07,1,140000,failed
1781,218,3,2026-07-25,3,177000,paid
1782,131,24,2026-04-22,3,690000,paid
1783,28,22,2026-04-01,2,300000,pending
1784,67,1,2026-08-21,1,185000,cancelled
1785,311,25,2026-07-24,2,2800000,failed
1786,63,25,2026-03-21,1,1400000,paid
1787,225,25,2026-08-30,3,4200000,refunded
1788,465,19,2026-08-27,0,0,paid
1789,35,25,2026-04-20,3,4200000,paid
1790,467,24,2026-04-14,3,690000,cancelled
1791,149,21,2026-07-24,3,237000,cancelled
1792,71,5,2026-04-18,2,300000,failed
1793,140,11,2026-03-13,2,540000,pending
1794,177,9,2026-08-31,3,2700000,refunded
1795,139,10,2026-04-03,3,-660000,paid
1796,206,3,2026-06-01,2,118000,failed
1797,43,10,2026-08-30,1,220000,refunded
1798,229,25,2026-05-01,1,1400000,pending
1799,300,15,2026-08-09,3,1800000,paid
1800,153,28,2026-07-19,3,420000,failed
1801,489,28,2026-06-23,3,420000,paid
1802,455,1,2026-05-15,1,185000,pending
1803,401,15,2026-06-04,3,1800000,refunded
1804,416,10,2026-06-06,3,660000,paid
1805,260,8,2026-06-30,2,1600000,refunded
1806,438,19,2026-07-06,1,700000,pending
1807,126,18,2026-07-18,1,1500000,paid
1808,45,9,2026-08-04,2,1800000,failed
1809,361,30,2026-05-17,1,550000,pending
1810,304,15,2026-05-14,2,1200000,failed
1811,132,3,2026-06-26,1,59000,cancelled
1812,340,23,2026-04-30,3,480000,refunded
1813,428,29,2026-04-14,3,240000,cancelled
1814,435,20,2026-08-17,3,600000,failed
1815,153,26,2026-08-17,1,3000000,refunded
1816,67,17,2026-08-04,1,155000,cancelled
1817,343,24,2026-05-07,3,690000,pending
1818,39,17,2026-08-04,2,310000,failed
1819,265,3,2026-05-16,1,59000,cancelled
1820,30,5,2026-07-06,3,450000,refunded
1821,160,25,2026-04-04,2,2800000,failed
1822,446,19,2026-06-01,2,1400000,refunded
1823,31,13,2026-05-14,3,360000,cancelled
1824,338,29,2026-06-24,2,160000,refunded
1825,395,26,2026-06-24,3,9000000,paid
1826,4,14,2026-03-18,2,240000,failed
1827,428,5,2026-05-15,1,150000,cancelled
1828,334,7,2026-08-16,1,500000,cancelled
1829,124,26,2026-08-14,3,9000000,pending
1830,460,10,2026-04-29,2,440000,paid
1831,180,5,2026-08-20,3,450000,pending
1832,451,1,2026-03-28,2,370000,pending
1833,355,18,2026-07-18,1,1500000,refunded
1834,247,27,2026-08-09,2,350000,refunded
1835,402,10,2026-06-30,2,440000,cancelled
1836,305,28,2026-05-13,3,420000,failed
1837,247,17,2026-06-19,1,155000,failed
1838,172,27,2026-06-30,1,175000,paid
1839,387,12,2026-04-18,1,155000,cancelled
1840,212,4,2026-03-26,1,110000,refunded
1841,199,12,2026-06-06,1,155000,failed
1842,321,4,2026-05-17,2,220000,pending
1843,46,13,2026-08-16,3,360000,failed
1844,433,18,2026-06-17,0,0,paid
1845,168,15,2026-05-06,3,1800000,failed
1846,357,14,2026-04-21,3,360000,paid
1847,193,28,2026-04-15,2,280000,failed
1848,408,24,2026-07-28,2,460000,failed
1849,55,2,2026-04-17,1,55000,pending
1850,281,27,2026-04-12,2,350000,cancelled
1851,233,10,2026-04-29,3,660000,failed
1852,304,20,2026-04-15,2,400000,cancelled
1853,313,4,2026-06-06,3,330000,cancelled
1854,407,6,2026-08-21,2,180000,refunded
1855,408,27,2026-03-26,3,525000,pending
1856,196,15,2026-04-22,2,1200000,pending
1857,168,27,2026-03-09,2,350000,paid
1858,408,7,2026-06-14,3,1500000,paid
1859,90,11,2026-04-07,1,270000,refunded
1860,138,9,2026-04-23,2,1800000,failed
1861,1,15,2026-07-15,2,1200000,cancelled
1862,301,16,2026-07-07,3,930000,pending
1863,177,1,2026-06-03,2,370000,paid
1864,309,20,2026-08-11,3,600000,paid
1865,241,7,2026-03-09,3,1500000,cancelled
1866,244,20,2026-06-02,2,400000,failed
1867,158,16,2026-08-26,1,310000,failed
1868,50,14,2026-05-24,1,120000,cancelled
1869,87,25,2026-08-30,1,1400000,cancelled
1870,271,4,2026-07-08,2,220000,refunded
1871,446,17,2026-05-13,2,310000,pending
1872,401,2,2026-04-14,1,55000,cancelled
1873,363,8,2026-08-25,1,800000,pending
1874,373,30,2026-05-25,3,1650000,paid
1875,79,23,2026-04-19,3,480000,refunded
1876,112,13,2026-08-25,1,120000,pending
1877,325,15,2026-06-14,2,1200000,cancelled
1878,491,14,2026-05-31,3,360000,paid
1879,129,21,2026-07-31,1,79000,paid
1880,241,28,2026-03-23,3,420000,refunded
1881,375,1,2026-08-07,2,370000,paid
1882,169,4,2026-06-25,3,330000,refunded
1883,312,24,2026-06-21,0,0,failed
1884,307,7,2026-04-09,2,1000000,cancelled
1885,398,6,2026-05-28,3,270000,refunded
1886,369,9,2026-04-21,2,1800000,failed
1887,308,27,2026-07-15,1,175000,failed
1888,148,5,2026-03-20,3,450000,cancelled
1889,173,7,2026-03-02,0,0,paid
1890,186,23,2026-08-06,3,480000,failed
1891,492,23,2026-06-03,1,160000,pending
1892,444,4,2026-04-06,1,110000,failed
1893,339,2,2026-04-29,1,55000,cancelled
1894,134,22,2026-06-14,1,150000,pending
1895,489,17,2026-05-21,2,310000,failed
1896,345,26,2026-04-20,2,6000000,refunded
1897,27,30,2026-04-18,1,550000,refunded
1898,340,17,2026-08-05,2,310000,failed
1899,205,4,2026-07-24,2,220000,cancelled
1900,204,8,2026-07-02,2,1600000,failed
1901,480,9,2026-05-09,3,2700000,failed
1902,215,25,2026-06-10,1,1400000,paid
1903,229,7,2026-07-27,1,500000,refunded
1904,118,24,2026-08-30,3,690000,paid
1905,104,6,2026-05-18,2,180000,paid
1906,449,30,2026-03-05,3,1650000,paid
1907,52,20,2026-03-31,0,0,failed
1908,191,15,2026-04-26,1,600000,failed
1909,99,11,2026-06-09,2,540000,pending
1910,475,28,2026-08-30,3,420000,failed
1911,78,25,2026-06-10,1,1400000,failed
1912,448,30,2026-08-16,3,1650000,failed
1913,107,11,2026-07-11,3,810000,pending
1914,200,20,2026-05-26,2,400000,pending
1915,163,19,2026-06-20,3,2100000,paid
1916,369,26,2026-05-16,2,6000000,paid
1917,47,1,2026-06-24,3,555000,failed
1918,172,22,2026-04-21,3,-450000,failed
1919,262,24,2026-08-29,0,0,refunded
1920,189,13,2026-03-27,3,360000,refunded
1921,29,16,2026-07-17,1,310000,cancelled
1922,118,11,2026-07-20,2,540000,paid
1923,237,27,2026-06-14,2,350000,cancelled
1924,234,29,2026-08-20,3,240000,failed
1925,369,18,2026-03-19,2,3000000,failed
1926,258,27,2026-08-12,1,175000,pending
1927,180,18,2026-04-02,1,1500000,failed
1928,285,20,2026-06-25,3,600000,refunded
1929,453,2,2026-03-20,1,55000,cancelled
1930,256,9,2026-08-03,1,900000,failed
1931,212,12,2026-05-05,1,155000,paid
1932,423,27,2026-08-29,3,525000,refunded
1933,477,24,2026-07-25,3,690000,cancelled
1934,390,1,2026-05-03,3,555000,paid
1935,261,20,2026-06-03,2,400000,failed
1936,32,8,2026-08-09,1,800000,failed
1937,358,2,2026-06-10,2,110000,cancelled
1938,16,21,2026-07-16,3,237000,failed
1939,330,24,2026-03-23,2,460000,refunded
1940,251,24,2026-05-17,3,690000,failed
1941,441,3,2026-05-19,2,118000,failed
1942,399,3,2026-06-16,1,59000,refunded
1943,458,9,2026-05-14,3,2700000,paid
1944,370,24,2026-07-06,2,460000,paid
1945,233,4,2026-06-30,3,330000,pending
1946,280,29,2026-07-09,2,160000,failed
1947,43,29,2026-04-05,2,160000,failed
1948,138,24,2026-06-07,1,230000,cancelled
1949,34,24,2026-07-17,3,690000,refunded
1950,56,6,2026-04-21,2,180000,failed
1951,420,25,2026-04-22,0,0,failed
1952,396,27,2026-07-24,3,525000,paid
1953,448,12,2026-05-22,3,465000,failed
1954,69,10,2026-03-28,1,220000,paid
1955,423,3,2026-05-04,3,177000,failed
1956,136,16,2026-08-27,1,310000,paid
1957,238,13,2026-07-21,3,360000,paid
1958,436,22,2026-05-03,0,0,paid
1959,444,12,2026-07-30,3,465000,cancelled
1960,129,12,2026-07-16,3,465000,pending
1961,238,11,2026-04-05,1,270000,refunded
1962,330,13,2026-06-08,2,240000,paid
1963,444,9,2026-03-04,3,2700000,paid
1964,234,17,2026-03-28,3,465000,refunded
1965,499,13,2026-06-04,3,360000,failed
1966,498,7,2026-06-19,1,500000,cancelled
1967,381,4,2026-07-17,1,110000,paid
1968,328,13,2026-04-12,3,360000,refunded
1969,270,22,2026-04-02,0,0,failed
1970,388,22,2026-05-27,1,150000,failed
1971,30,28,2026-06-03,2,280000,cancelled
1972,389,6,2026-05-25,1,90000,pending
1973,71,15,2026-04-21,3,1800000,refunded
1974,203,3,2026-06-09,1,59000,failed
1975,332,11,2026-06-20,3,810000,pending
1976,318,13,2026-06-23,2,240000,cancelled
1977,335,11,2026-04-09,2,540000,cancelled
1978,495,27,2026-08-03,2,350000,pending
1979,234,9,2026-06-12,3,2700000,cancelled
1980,98,20,2026-03-17,1,200000,pending
1981,481,20,2026-05-04,2,400000,pending
1982,400,25,2026-06-23,3,4200000,cancelled
1983,302,24,2026-05-10,3,690000,pending
1984,485,13,2026-06-07,0,0,pending
1985,438,3,2026-05-09,2,118000,refunded
1986,367,19,2026-03-07,3,2100000,refunded
1987,68,10,2026-05-12,3,660000,cancelled
1988,251,14,2026-05-11,2,240000,refunded
1989,465,22,2026-05-01,2,300000,failed
1990,478,23,2026-06-20,0,0,refunded
1991,235,11,2026-06-22,3,810000,cancelled
1992,227,12,2026-04-10,2,310000,cancelled
1993,357,27,2026-04-19,1,175000,paid
1994,386,24,2026-08-20,1,230000,cancelled
1995,48,6,2026-04-03,3,270000,refunded
1996,269,6,2026-03-12,2,180000,paid
1997,234,8,2026-03-27,1,800000,failed
1998,272,22,2026-07-28,3,450000,pending
1999,433,27,2026-08-25,2,350000,failed
2000,495,25,2026-05-05,3,4200000,cancelled
2001,341,19,2026-03-16,3,2100000,refunded
2002,219,29,2026-06-20,3,240000,pending
2003,62,13,2026-04-22,3,360000,refunded
2004,374,4,2026-05-24,3,330000,refunded
2005,107,12,2026-05-30,3,465000,pending
2006,287,21,2026-08-24,2,158000,paid
2007,206,12,2026-07-27,2,310000,paid
2008,265,25,2026-05-31,1,1400000,failed
2009,251,21,2026-07-27,2,158000,paid
2010,326,22,2026-04-21,3,450000,paid
2011,494,29,2026-06-15,2,160000,paid
2012,381,23,2026-04-08,3,480000,cancelled
2013,427,21,2026-03-03,0,0,pending
2014,249,12,2026-05-29,1,155000,paid
2015,454,8,2026-04-25,3,2400000,refunded
2016,491,2,2026-08-02,3,165000,failed
2017,131,9,2026-06-03,2,1800000,refunded
2018,321,13,2026-06-28,0,0,paid
2019,179,15,2026-04-12,1,600000,failed
2020,97,6,2026-06-02,2,180000,failed
2021,28,26,2026-06-01,1,3000000,cancelled
2022,480,23,2026-07-21,1,160000,failed
2023,37,18,2026-03-10,2,3000000,paid
2024,373,30,2026-04-24,1,550000,paid
2025,260,11,2026-05-18,2,540000,refunded
2026,142,6,2026-04-13,1,90000,refunded
2027,43,9,2026-05-01,2,1800000,cancelled
2028,21,25,2026-08-15,3,4200000,failed
2029,210,29,2026-06-09,3,240000,paid
2030,161,11,2026-06-04,2,540000,paid
2031,31,7,2026-03-10,1,500000,paid
2032,201,11,2026-07-26,1,270000,failed
2033,111,15,2026-06-15,3,1800000,refunded
2034,455,25,2026-03-02,2,2800000,pending
2035,125,28,2026-08-27,3,420000,pending
2036,108,5,2026-07-07,3,450000,failed
2037,96,19,2026-07-20,2,1400000,failed
2038,230,26,2026-07-27,3,9000000,paid
2039,269,21,2026-06-19,1,79000,paid
2040,420,26,2026-07-11,1,3000000,refunded
2041,472,15,2026-08-09,2,1200000,paid
2042,155,27,2026-07-27,2,350000,pending
2043,417,12,2026-03-19,3,465000,pending
2044,393,22,2026-06-17,3,450000,failed
2045,212,7,2026-08-22,1,500000,paid
2046,487,29,2026-08-22,3,240000,failed
2047,73,12,2026-03-31,3,465000,pending
2048,41,14,2026-03-05,2,240000,failed
2049,338,3,2026-06-28,1,59000,refunded
2050,58,16,2026-05-24,3,930000,refunded
2051,450,17,2026-06-24,2,310000,cancelled
2052,368,23,2026-05-21,1,160000,cancelled
2053,17,20,2026-03-10,2,400000,paid
2054,455,1,2026-05-07,2,370000,cancelled
2055,209,2,2026-04-11,3,165000,paid
2056,132,30,2026-08-21,2,1100000,pending
2057,179,30,2026-08-04,2,1100000,pending
2058,435,23,2026-08-23,3,480000,cancelled
2059,1,20,2026-03-25,0,0,refunded
2060,444,20,2026-04-11,1,200000,cancelled
2061,361,6,2026-08-20,0,0,paid
2062,65,4,2026-06-02,3,330000,refunded
2063,330,14,2026-05-11,3,360000,paid
2064,471,4,2026-04-01,2,220000,refunded
2065,448,14,2026-04-22,1,120000,cancelled
2066,273,2,2026-05-24,1,55000,pending
2067,448,6,2026-08-12,2,180000,paid
2068,274,8,2026-06-26,0,0,paid
2069,411,21,2026-08-19,2,158000,cancelled
2070,413,13,2026-06-23,2,240000,paid
2071,41,6,2026-03-02,3,270000,cancelled
2072,230,16,2026-08-18,2,620000,cancelled
2073,65,28,2026-08-10,3,420000,failed
2074,447,12,2026-04-20,2,310000,paid
2075,302,3,2026-04-23,1,59000,refunded
2076,401,29,2026-07-15,2,160000,paid
2077,47,23,2026-06-25,3,480000,cancelled
2078,54,28,2026-07-03,1,140000,paid
2079,196,27,2026-05-21,1,175000,refunded
2080,71,23,2026-06-17,1,160000,failed
2081,442,7,2026-03-29,3,1500000,pending
2082,261,12,2026-03-01,2,310000,cancelled
2083,208,20,2026-03-30,3,600000,paid
2084,394,16,2026-06-10,0,0,cancelled
2085,82,14,2026-06-05,3,360000,paid
2086,151,7,2026-05-20,1,500000,pending
2087,112,2,2026-05-31,3,165000,cancelled
2088,305,8,2026-05-17,0,0,paid
2089,107,25,2026-07-01,1,1400000,paid
2090,434,13,2026-04-24,1,120000,pending
2091,318,7,2026-04-17,1,500000,pending
2092,443,5,2026-07-01,1,150000,cancelled
2093,338,30,2026-08-05,2,1100000,refunded
2094,78,29,2026-03-08,3,240000,failed
2095,220,20,2026-07-01,2,400000,paid
2096,388,22,2026-04-30,2,300000,failed
2097,50,19,2026-05-05,1,700000,cancelled
2098,495,11,2026-06-06,2,540000,failed
2099,73,22,2026-05-23,3,450000,pending
2100,194,27,2026-08-10,2,350000,paid
2101,116,27,2026-08-23,3,525000,cancelled
2102,12,22,2026-07-08,3,450000,pending
2103,316,9,2026-06-23,2,1800000,pending
2104,96,9,2026-05-30,0,0,cancelled
2105,180,14,2026-03-05,3,360000,failed
2106,470,14,2026-08-19,2,240000,refunded
2107,95,2,2026-08-24,1,55000,pending
2108,66,9,2026-07-08,3,2700000,refunded
2109,272,18,2026-04-29,1,1500000,refunded
2110,345,16,2026-07-10,2,620000,failed
2111,472,8,2026-04-02,2,1600000,failed
2112,384,15,2026-04-15,2,1200000,pending
2113,7,19,2026-04-15,1,700000,paid
2114,56,18,2026-06-13,2,3000000,failed
2115,308,3,2026-06-30,2,118000,paid
2116,345,17,2026-03-06,1,155000,refunded
2117,80,13,2026-03-01,1,120000,refunded
2118,216,28,2026-06-24,3,420000,refunded
2119,88,2,2026-07-13,2,110000,refunded
2120,236,1,2026-04-13,3,555000,pending
2121,375,6,2026-05-09,2,180000,paid
2122,49,4,2026-05-17,3,330000,paid
2123,156,3,2026-04-05,1,59000,pending
2124,284,28,2026-08-28,1,140000,pending
2125,51,27,2026-08-24,1,175000,cancelled
2126,182,17,2026-05-09,1,155000,paid
2127,61,22,2026-04-10,3,450000,pending
2128,172,12,2026-04-01,3,465000,cancelled
2129,451,20,2026-03-23,3,600000,failed
2130,411,8,2026-04-02,2,1600000,refunded
2131,74,15,2026-08-18,1,600000,pending
2132,353,7,2026-08-13,2,1000000,failed
2133,494,30,2026-06-01,3,1650000,pending
2134,185,1,2026-06-18,1,185000,paid
2135,488,16,2026-08-12,1,310000,refunded
2136,157,11,2026-07-02,2,540000,paid
2137,27,15,2026-06-02,3,1800000,failed
2138,401,22,2026-06-18,1,150000,cancelled
2139,227,1,2026-04-04,1,185000,refunded
2140,19,10,2026-07-17,1,220000,pending
2141,372,4,2026-04-27,1,110000,cancelled
2142,112,5,2026-05-14,1,150000,paid
2143,3,3,2026-07-18,2,118000,refunded
2144,72,16,2026-03-19,2,620000,failed
2145,27,28,2026-07-03,3,420000,pending
2146,74,26,2026-05-19,1,3000000,refunded
2147,348,24,2026-04-17,3,690000,failed
2148,323,19,2026-07-29,1,700000,failed
2149,436,15,2026-05-25,1,600000,pending
2150,251,27,2026-04-13,1,175000,failed
2151,2,12,2026-07-31,3,465000,refunded
2152,445,15,2026-07-14,1,600000,paid
2153,213,4,2026-03-24,2,220000,paid
2154,187,10,2026-06-12,2,440000,paid
2155,391,25,2026-05-06,3,4200000,failed
2156,314,12,2026-06-06,3,465000,refunded
2157,374,12,2026-05-02,2,310000,pending
2158,455,24,2026-05-06,3,690000,paid
2159,466,1,2026-05-08,1,185000,refunded
2160,71,13,2026-06-19,1,120000,paid
2161,252,3,2026-04-03,1,59000,refunded
2162,492,28,2026-05-02,1,140000,paid
2163,485,16,2026-03-17,1,310000,refunded
2164,273,25,2026-06-22,1,1400000,refunded
2165,280,28,2026-06-18,3,420000,paid
2166,308,22,2026-07-31,3,450000,cancelled
2167,41,22,2026-08-11,2,300000,paid
2168,456,29,2026-04-09,2,160000,cancelled
2169,135,16,2026-03-22,3,930000,refunded
2170,248,18,2026-08-09,1,1500000,paid
2171,444,20,2026-03-15,3,600000,failed
2172,214,20,2026-04-09,3,600000,refunded
2173,236,8,2026-04-18,1,800000,failed
2174,88,13,2026-07-05,3,360000,refunded
2175,421,16,2026-04-21,2,620000,pending
2176,496,24,2026-08-02,0,0,cancelled
2177,295,23,2026-05-03,0,0,paid
2178,482,17,2026-07-04,1,155000,refunded
2179,6,13,2026-07-09,2,240000,paid
2180,283,9,2026-05-15,1,900000,paid
2181,138,20,2026-07-09,2,400000,cancelled
2182,459,16,2026-07-20,1,310000,failed
2183,115,6,2026-08-09,3,270000,pending
2184,212,25,2026-04-12,2,2800000,paid
2185,464,26,2026-06-12,3,9000000,pending
2186,108,17,2026-04-18,3,465000,paid
2187,117,25,2026-04-12,1,1400000,refunded
2188,299,13,2026-07-23,3,360000,refunded
2189,363,15,2026-04-20,3,1800000,pending
2190,152,12,2026-08-14,1,155000,pending
2191,427,22,2026-05-13,3,450000,cancelled
2192,455,14,2026-03-02,1,120000,cancelled
2193,446,12,2026-03-26,3,465000,pending
2194,408,4,2026-06-29,3,330000,cancelled
2195,438,17,2026-07-03,2,-310000,cancelled
2196,7,30,2026-03-04,3,1650000,paid
2197,164,7,2026-03-20,2,1000000,pending
2198,47,20,2026-07-04,2,400000,failed
2199,69,11,2026-07-26,0,0,refunded
2200,324,19,2026-03-02,2,1400000,pending
2201,345,16,2026-03-02,3,930000,failed
2202,179,25,2026-06-11,1,1400000,pending
2203,227,28,2026-04-06,3,420000,cancelled
2204,389,5,2026-08-18,1,150000,pending
2205,441,15,2026-05-05,2,1200000,refunded
2206,492,4,2026-05-15,1,110000,failed
2207,344,19,2026-08-08,1,700000,failed
2208,297,17,2026-04-14,2,310000,pending
2209,472,11,2026-03-07,0,0,failed
2210,271,28,2026-03-24,1,140000,paid
2211,408,20,2026-06-09,2,400000,pending
2212,461,29,2026-07-13,3,240000,failed
2213,316,15,2026-04-02,1,600000,failed
2214,40,24,2026-07-21,2,460000,failed
2215,454,20,2026-04-21,2,400000,cancelled
2216,482,4,2026-08-01,0,0,pending
2217,116,20,2026-06-22,3,600000,paid
2218,179,20,2026-08-06,1,200000,pending
2219,500,23,2026-04-07,1,160000,paid
2220,102,26,2026-06-24,3,9000000,cancelled
2221,368,7,2026-04-01,0,0,refunded
2222,185,29,2026-03-25,2,160000,refunded
2223,434,11,2026-07-18,3,810000,paid
2224,434,29,2026-07-09,1,80000,paid
2225,188,15,2026-03-23,3,1800000,pending
2226,348,8,2026-06-14,1,800000,paid
2227,398,19,2026-07-15,1,700000,failed
2228,86,13,2026-08-07,3,360000,failed
2229,44,30,2026-08-10,0,0,failed
2230,268,28,2026-06-12,1,140000,failed
2231,389,24,2026-05-17,1,230000,refunded
2232,220,27,2026-06-07,1,175000,refunded
2233,242,21,2026-03-27,1,79000,refunded
2234,79,30,2026-06-14,1,550000,cancelled
2235,400,23,2026-04-12,3,480000,refunded
2236,281,17,2026-07-17,3,465000,paid
2237,53,9,2026-04-06,2,1800000,failed
2238,322,13,2026-03-03,1,120000,refunded
2239,77,4,2026-05-21,3,330000,cancelled
2240,342,21,2026-04-25,1,79000,failed
2241,469,4,2026-05-23,2,220000,pending
2242,381,24,2026-06-25,0,0,pending
2243,488,7,2026-06-21,1,500000,cancelled
2244,484,5,2026-06-14,2,300000,cancelled
2245,284,22,2026-05-14,1,150000,refunded
2246,400,26,2026-07-12,3,9000000,failed
2247,438,3,2026-05-27,1,59000,refunded
2248,30,14,2026-05-06,0,0,paid
2249,69,20,2026-07-23,2,400000,failed
2250,229,11,2026-03-11,1,270000,cancelled
2251,424,5,2026-07-12,1,150000,pending
2252,490,16,2026-07-06,2,620000,cancelled
2253,208,15,2026-04-19,1,600000,paid
2254,303,14,2026-03-15,1,120000,refunded
2255,285,26,2026-06-23,1,3000000,pending
2256,193,29,2026-06-13,3,240000,failed
2257,28,7,2026-03-24,2,1000000,pending
2258,85,9,2026-07-23,1,900000,cancelled
2259,56,5,2026-05-25,3,450000,pending
2260,221,6,2026-03-23,2,180000,refunded
2261,148,6,2026-07-13,2,180000,cancelled
2262,126,30,2026-05-07,1,550000,refunded
2263,143,5,2026-06-14,3,450000,failed
2264,184,19,2026-05-31,1,700000,pending
2265,145,26,2026-03-31,1,3000000,cancelled
2266,250,6,2026-06-14,2,180000,pending
2267,213,26,2026-08-20,1,3000000,pending
2268,225,4,2026-05-02,2,220000,failed
2269,81,20,2026-06-20,1,200000,paid
2270,434,3,2026-04-26,2,118000,cancelled
2271,80,7,2026-07-18,3,1500000,pending
2272,173,17,2026-05-11,2,310000,cancelled
2273,57,17,2026-05-07,3,465000,cancelled
2274,355,22,2026-07-30,0,0,pending
2275,8,21,2026-04-29,3,237000,cancelled
2276,304,19,2026-06-03,1,700000,paid
2277,103,28,2026-05-05,2,280000,pending
2278,5,25,2026-05-03,3,-4200000,pending
2279,317,28,2026-07-13,1,140000,cancelled
2280,462,28,2026-07-14,1,140000,cancelled
2281,411,8,2026-03-25,3,2400000,failed
2282,232,7,2026-05-12,3,1500000,failed
2283,72,21,2026-03-15,1,79000,cancelled
2284,242,2,2026-04-18,1,55000,paid
2285,103,25,2026-06-01,1,1400000,pending
2286,239,22,2026-03-03,1,150000,refunded
2287,379,12,2026-03-03,3,465000,refunded
2288,289,18,2026-05-19,3,4500000,pending
2289,233,10,2026-06-24,3,660000,failed
2290,174,25,2026-04-25,2,2800000,pending
2291,142,21,2026-08-15,2,158000,paid
2292,389,26,2026-04-23,2,6000000,failed
2293,80,17,2026-04-17,2,310000,pending
2294,435,15,2026-06-15,0,0,refunded
2295,425,3,2026-05-21,2,118000,refunded
2296,255,19,2026-04-14,2,1400000,cancelled
2297,219,12,2026-07-09,1,155000,refunded
2298,165,14,2026-07-29,3,360000,paid
2299,188,20,2026-04-04,2,400000,cancelled
2300,78,13,2026-06-28,3,360000,pending
2301,378,7,2026-06-02,2,1000000,refunded
2302,322,12,2026-07-09,2,310000,cancelled
2303,44,5,2026-07-04,1,150000,failed
2304,319,27,2026-03-27,2,350000,paid
2305,412,1,2026-07-07,3,555000,cancelled
2306,340,21,2026-04-19,2,158000,pending
2307,21,5,2026-03-22,3,450000,cancelled
2308,88,29,2026-05-29,1,80000,refunded
2309,133,11,2026-04-22,3,810000,cancelled
2310,65,20,2026-03-10,0,0,refunded
2311,51,28,2026-07-04,1,140000,refunded
2312,485,28,2026-04-02,1,140000,failed
2313,386,28,2026-06-08,1,140000,cancelled
2314,94,18,2026-03-17,2,3000000,refunded
2315,254,16,2026-04-03,1,310000,cancelled
2316,144,13,2026-08-15,1,120000,failed
2317,59,2,2026-06-07,2,110000,pending
2318,234,23,2026-07-29,1,160000,pending
2319,76,13,2026-04-17,1,120000,pending
2320,22,28,2026-04-12,2,280000,paid
2321,486,15,2026-05-26,3,1800000,cancelled
2322,247,1,2026-04-11,2,370000,failed
2323,228,25,2026-05-09,3,4200000,failed
2324,126,18,2026-03-12,3,4500000,paid
2325,175,22,2026-06-09,3,450000,failed
2326,264,2,2026-03-03,3,165000,refunded
2327,309,8,2026-04-19,3,2400000,refunded
2328,67,20,2026-07-08,1,200000,cancelled
2329,445,27,2026-05-14,3,525000,failed
2330,74,1,2026-06-14,2,370000,refunded
2331,355,17,2026-07-03,1,155000,refunded
2332,425,24,2026-07-23,3,690000,paid
2333,373,1,2026-08-10,1,185000,cancelled
2334,427,14,2026-07-10,2,240000,cancelled
2335,332,25,2026-07-09,3,4200000,refunded
2336,110,21,2026-07-09,1,79000,cancelled
2337,171,1,2026-03-29,3,555000,paid
2338,383,2,2026-04-24,3,165000,paid
2339,16,25,2026-04-27,2,2800000,paid
2340,220,20,2026-08-17,1,200000,refunded
2341,378,10,2026-06-19,2,440000,paid
2342,298,9,2026-08-04,1,900000,refunded
2343,394,14,2026-03-19,2,240000,paid
2344,262,27,2026-07-11,1,175000,paid
2345,84,16,2026-06-25,3,930000,pending
2346,273,28,2026-04-04,3,420000,paid
2347,304,19,2026-07-24,1,700000,pending
2348,455,22,2026-05-29,3,450000,failed
2349,252,2,2026-05-18,1,55000,failed
2350,363,17,2026-03-03,2,310000,cancelled
2351,89,16,2026-06-20,3,930000,failed
2352,128,1,2026-08-19,1,-185000,cancelled
2353,444,15,2026-03-11,1,600000,cancelled
2354,405,13,2026-05-30,3,360000,failed
2355,370,13,2026-06-27,1,120000,refunded
2356,423,20,2026-08-17,2,400000,paid
2357,3,3,2026-08-26,1,59000,failed
2358,156,1,2026-06-12,0,0,refunded
2359,251,10,2026-04-18,2,440000,pending
2360,421,25,2026-08-02,0,0,failed
2361,234,12,2026-03-21,2,310000,failed
2362,209,26,2026-07-14,2,6000000,refunded
2363,384,14,2026-06-08,2,240000,refunded
2364,154,8,2026-06-22,3,2400000,cancelled
2365,355,8,2026-07-05,3,2400000,refunded
2366,172,24,2026-07-16,2,460000,pending
2367,4,24,2026-04-10,3,690000,refunded
2368,109,19,2026-06-10,3,2100000,cancelled
2369,492,26,2026-08-08,3,9000000,refunded
2370,413,30,2026-07-20,1,550000,cancelled
2371,197,16,2026-08-07,3,930000,failed
2372,177,17,2026-03-29,1,155000,failed
2373,202,13,2026-06-06,3,360000,refunded
2374,122,8,2026-03-26,3,-2400000,failed
2375,494,22,2026-07-02,1,150000,paid
2376,108,10,2026-04-18,1,220000,failed
2377,185,7,2026-04-07,1,500000,paid
2378,348,16,2026-03-28,2,620000,cancelled
2379,143,5,2026-07-18,1,150000,cancelled
2380,63,14,2026-04-24,2,240000,pending
2381,323,3,2026-05-11,3,177000,cancelled
2382,190,17,2026-08-30,3,465000,cancelled
2383,499,5,2026-07-27,3,450000,refunded
2384,12,5,2026-03-12,2,300000,cancelled
2385,330,1,2026-04-03,2,370000,paid
2386,345,5,2026-06-14,0,0,failed
2387,436,13,2026-07-21,3,360000,paid
2388,370,16,2026-04-16,2,620000,cancelled
2389,346,16,2026-04-05,3,930000,cancelled
2390,349,15,2026-05-19,3,1800000,failed
2391,367,11,2026-05-28,1,270000,failed
2392,368,5,2026-05-07,3,450000,cancelled
2393,262,16,2026-05-16,1,-310000,refunded
2394,154,13,2026-06-04,3,360000,refunded
2395,443,11,2026-08-28,2,540000,paid
2396,104,23,2026-06-17,3,480000,paid
2397,431,26,2026-04-26,3,9000000,pending
2398,402,23,2026-07-18,1,160000,refunded
2399,128,23,2026-06-16,3,480000,pending
2400,290,21,2026-03-27,2,158000,pending
2401,434,2,2026-03-30,0,0,pending
2402,293,30,2026-07-05,1,550000,failed
2403,342,30,2026-05-16,3,1650000,pending
2404,292,26,2026-06-27,2,6000000,pending
2405,433,25,2026-05-18,3,4200000,refunded
2406,13,30,2026-06-06,1,550000,cancelled
2407,230,3,2026-05-16,1,59000,paid
2408,231,18,2026-04-28,1,1500000,failed
2409,264,2,2026-06-17,3,165000,refunded
2410,92,30,2026-03-25,1,550000,paid
2411,298,27,2026-06-04,3,525000,refunded
2412,96,30,2026-03-06,2,1100000,failed
2413,35,10,2026-08-18,1,220000,pending
2414,342,10,2026-03-30,3,660000,paid
2415,155,17,2026-07-01,2,310000,failed
2416,191,29,2026-08-25,2,160000,cancelled
2417,59,7,2026-06-30,3,1500000,refunded
2418,79,14,2026-03-03,2,240000,pending
2419,26,16,2026-07-01,1,310000,paid
2420,330,9,2026-06-26,1,900000,refunded
2421,332,24,2026-03-24,2,460000,cancelled
2422,116,11,2026-08-15,2,540000,pending
2423,36,12,2026-07-11,1,155000,refunded
2424,368,17,2026-06-22,1,155000,pending
2425,260,12,2026-04-17,3,465000,refunded
2426,208,25,2026-06-07,2,2800000,failed
2427,225,8,2026-03-15,3,2400000,paid
2428,376,14,2026-05-29,1,120000,cancelled
2429,241,22,2026-05-02,3,450000,failed
2430,358,3,2026-08-05,2,118000,cancelled
2431,58,5,2026-04-03,1,150000,paid
2432,144,30,2026-06-10,1,550000,cancelled
2433,236,19,2026-05-13,3,2100000,paid
2434,452,15,2026-06-07,3,1800000,failed
2435,94,11,2026-05-12,2,-540000,cancelled
2436,16,28,2026-03-08,3,420000,failed
2437,97,30,2026-06-18,2,1100000,pending
2438,199,7,2026-03-31,2,1000000,failed
2439,445,17,2026-03-02,3,465000,pending
2440,8,8,2026-08-18,1,800000,cancelled
2441,355,15,2026-04-03,1,600000,cancelled
2442,500,23,2026-03-27,3,480000,refunded
2443,24,16,2026-07-05,2,-620000,failed
2444,258,14,2026-07-31,2,240000,failed
2445,243,3,2026-06-24,3,177000,cancelled
2446,485,22,2026-06-26,1,150000,failed
2447,295,10,2026-05-26,2,440000,refunded
2448,466,24,2026-08-27,1,230000,failed
2449,339,8,2026-03-01,3,2400000,paid
2450,126,21,2026-06-02,1,79000,refunded
2451,226,3,2026-06-22,0,0,pending
2452,304,23,2026-04-14,1,160000,failed
2453,325,16,2026-07-30,3,930000,refunded
2454,262,4,2026-05-25,3,330000,failed
2455,45,13,2026-08-15,1,120000,failed
2456,123,14,2026-07-18,3,360000,paid
2457,244,11,2026-04-15,2,540000,refunded
2458,235,2,2026-04-05,3,165000,failed
2459,35,5,2026-06-27,2,300000,cancelled
2460,51,15,2026-07-09,3,1800000,pending
2461,211,30,2026-07-28,3,1650000,failed
2462,63,28,2026-06-01,2,280000,cancelled
2463,473,28,2026-05-14,1,140000,paid
2464,109,29,2026-04-04,1,80000,refunded
2465,41,10,2026-04-10,1,220000,cancelled
2466,457,10,2026-05-28,0,0,pending
2467,76,28,2026-05-17,3,420000,cancelled
2468,141,22,2026-08-28,1,150000,refunded
2469,262,27,2026-08-24,3,525000,paid
2470,16,12,2026-08-25,3,465000,refunded
2471,18,6,2026-05-05,2,180000,cancelled
2472,363,10,2026-04-26,3,660000,cancelled
2473,279,12,2026-04-19,2,-310000,cancelled
2474,213,4,2026-03-18,1,110000,failed
2475,182,29,2026-06-19,2,160000,paid
2476,366,12,2026-08-06,3,465000,refunded
2477,223,5,2026-08-08,2,300000,failed
2478,148,18,2026-08-08,3,4500000,cancelled
2479,336,29,2026-04-17,1,80000,pending
2480,155,24,2026-07-11,1,230000,refunded
2481,466,15,2026-08-05,3,1800000,pending
2482,288,9,2026-06-12,1,900000,refunded
2483,255,17,2026-06-08,2,310000,pending
2484,268,26,2026-05-30,1,3000000,paid
2485,162,22,2026-06-21,3,450000,failed
2486,23,17,2026-03-15,0,0,failed
2487,302,19,2026-05-29,2,1400000,failed
2488,318,27,2026-08-22,1,175000,pending
2489,439,26,2026-08-11,3,9000000,failed
2490,280,30,2026-03-11,1,550000,failed
2491,472,3,2026-05-02,1,59000,cancelled
2492,280,22,2026-07-20,2,-300000,pending
2493,85,6,2026-05-14,1,90000,cancelled
2494,128,8,2026-05-15,2,1600000,paid
2495,373,24,2026-06-03,1,230000,failed
2496,465,18,2026-07-17,1,1500000,refunded
2497,285,26,2026-06-17,3,9000000,cancelled
2498,424,1,2026-06-29,1,185000,cancelled
2499,429,9,2026-06-06,3,-2700000,refunded
2500,445,9,2026-07-29,3,2700000,failed
