id,date,customer,product,price,quantity,status
1,2026-04-12,DIeTEr6342,Printer,3500000,3,cancelled
2,2026-08-26,PIerrELZ0IY,Keyboard,500000,2,cancelled
3,2026-08-16,maTeO_1120,Keyboard,500000,2,paid
4,2026-08-02,eko5_935,Headset,450000,0,cancelled
5,2026-04-16,weI9634,HDD,700000,3,cancelled
6,2026-07-10,Manuel9641,RAM,800000,1,refunded
7,2026-08-16,yamaMoTO7262,Headset,450000,3,refunded
8,2026-05-01,kI5M9485,HDD,700000,5,pending
9,2026-06-08,antOnI3O_730,Keyboard,500000,5,failed
10,2026-06-04,SeRGEYexx,Headset,450000,3,failed
11,2026-08-16,takAhAsHI_642,Monitor,2500000,1,failed
12,2026-07-19,dEvI_395,Keyboard,500000,1,pending
13,2026-04-29,iVan_340,SSD,900000,5,pending
14,2026-05-16,pATELm66,Monitor,2500000,0,pending
15,2026-05-19,kAUrLE0Rt,Monitor,2500000,3,cancelled
16,2026-06-26,aHMEd2448,HDD,700000,1,refunded
17,2026-04-10,aNnAxdhp,HDD,700000,4,paid
18,2026-03-21,Dian3200,Headset,450000,1,paid
19,2026-06-21,O4LIViA879,Mouse,150000,4,failed
20,2026-08-29,aisHa6495,Monitor,2500000,1,cancelled
21,2026-06-18,THiago_126,Laptop,10000000,2,cancelled
22,2026-05-27,watanaBe1725,SSD,900000,0,failed
23,2026-05-14,MarIA_614,Mouse,150000,5,paid
24,2026-08-23,maNueL_3596,Keyboard,500000,3,paid
25,2026-07-10,CAMila92402,Laptop,10000000,5,cancelled
26,2026-05-13,MAnueL96657,SSD,900000,5,paid
27,2026-05-01,MA7riaMqb,Webcam,300000,4,refunded
28,2026-05-05,m9oNIka_747,Headset,450000,3,paid
29,2026-05-01,eko77,SSD,900000,1,refunded
30,2026-06-27,fAng_8397,HDD,700000,1,failed
31,2026-08-24,ITo7085,Mouse,150000,5,refunded
32,2026-04-02,dianDLd,Laptop,10000000,1,cancelled
33,2026-05-21,Ta3Naka2552,Headset,450000,2,failed
34,2026-04-01,bUdI_911,Keyboard,500000,2,pending
35,2026-08-11,CITR9A7096,Keyboard,500000,2,pending
36,2026-06-27,Da6SEB,HDD,700000,1,failed
37,2026-08-02,sOPhIE8240,HDD,700000,5,paid
38,2026-06-24,thIago_707,Printer,-3500000,1,cancelled
39,2026-03-14,Da7S7220,Monitor,2500000,2,cancelled
40,2026-05-25,KUmARI1,Mouse,150000,5,cancelled
41,2026-08-18,M5Ichel4222,Keyboard,500000,5,failed
42,2026-07-15,HUI_035,Laptop,10000000,3,refunded
43,2026-06-05,dIaNatlS,Laptop,10000000,5,failed
44,2026-06-05,eLeNA5610,Webcam,-300000,4,refunded
45,2026-05-12,MICHEL_0440,SSD,900000,0,failed
46,2026-07-12,ELeNACg,Headset,450000,3,pending
47,2026-04-11,OLIvIa_632,Headset,450000,2,cancelled
48,2026-07-08,SuzuKizJpi,Mouse,150000,1,paid
49,2026-07-02,tAKaHasHiA0qt8,Keyboard,500000,3,failed
50,2026-07-12,mONIka_1607,Monitor,2500000,5,cancelled
51,2026-05-20,AlI7133,Printer,3500000,5,pending
52,2026-06-24,dEviTnqvl,Printer,3500000,1,pending
53,2026-04-27,cARmen1172,Laptop,10000000,0,failed
54,2026-06-17,GUPTAt1rz,Headset,450000,3,failed
55,2026-06-23,aNA_0720,Keyboard,500000,1,failed
56,2026-04-01,SeRgeYnD,Webcam,300000,4,pending
57,2026-07-09,park444,Laptop,10000000,2,pending
58,2026-08-31,NGOZI8272,Webcam,300000,1,cancelled
59,2026-06-07,LEI_3581,HDD,700000,2,refunded
60,2026-04-12,gUPta_701,Printer,3500000,1,paid
61,2026-08-13,KoFIbez,Mouse,150000,2,failed
62,2026-06-28,SusaNNe_474,Monitor,2500000,1,pending
63,2026-07-09,maT9Eo567,Mouse,150000,1,paid
64,2026-07-11,MAnuEl_330,Monitor,2500000,0,cancelled
65,2026-05-13,m9ArIe4738,Monitor,2500000,1,pending
66,2026-08-28,I9Van_533,Mouse,150000,1,cancelled
67,2026-06-30,dEvi_183,Monitor,2500000,3,pending
68,2026-04-10,cHUkWuLy,Webcam,300000,4,pending
69,2026-07-07,we5I7377,Headset,450000,0,failed
70,2026-04-22,ELE8naXqZ7,SSD,900000,1,refunded
71,2026-06-29,nAtalIA4560,Printer,-3500000,3,cancelled
72,2026-05-22,klAUs349yR,Headset,450000,4,cancelled
73,2026-04-18,mOniKA52297,RAM,800000,0,pending
74,2026-05-06,fAtIMAX9,Keyboard,500000,1,failed
75,2026-08-19,aSepPsUs,RAM,800000,3,paid
76,2026-08-24,KIm_233,Laptop,10000000,3,failed
77,2026-04-18,Ito3596,Headset,450000,3,paid
78,2026-03-24,c9ItRAbBi,Printer,3500000,5,paid
79,2026-05-06,mANuE1L6191,Laptop,10000000,5,refunded
80,2026-07-24,PAteld37kP,Laptop,-10000000,4,refunded
81,2026-03-19,aiSHa1dz7d,Headset,-450000,4,failed
82,2026-03-08,p4eTeR1655,Headset,450000,3,refunded
83,2026-07-24,ITOW1,Monitor,2500000,1,paid
84,2026-08-28,DmiTRy_537,Monitor,2500000,2,refunded
85,2026-04-25,HAnS_384,Mouse,150000,3,pending
86,2026-05-23,ZaINAB_3230,Keyboard,500000,2,refunded
87,2026-08-31,antOnio597,SSD,900000,0,pending
88,2026-06-08,JuaN4343,Laptop,10000000,2,refunded
89,2026-05-18,CHOick5eh,Webcam,300000,5,refunded
90,2026-06-12,WEInNM6,Headset,450000,3,failed
91,2026-03-07,AhM1ed6565,Monitor,2500000,0,paid
92,2026-03-02,dEVIfERiz,HDD,700000,4,cancelled
93,2026-04-22,ELenA8139,Mouse,150000,5,failed
94,2026-07-31,taO9681,Mouse,150000,3,cancelled
95,2026-06-28,aLI6726,Headset,450000,4,cancelled
96,2026-07-20,BAbatuNDE6_784,Headset,450000,3,cancelled
97,2026-04-21,wE9I_126,HDD,700000,0,pending
98,2026-08-13,aseP1077,Webcam,300000,5,refunded
99,2026-05-27,yAmAmOTo_935,Monitor,2500000,5,paid
100,2026-07-13,e9ko_749,Webcam,300000,2,paid
101,2026-03-22,anau92h,Webcam,300000,4,failed
102,2026-04-29,sOpHiesA5Ux,Printer,3500000,0,refunded
103,2026-05-13,OlIvIA6220,Monitor,2500000,1,pending
104,2026-08-10,MaTEo5934,Mouse,150000,2,pending
105,2026-04-14,ANNA_887,RAM,800000,5,cancelled
106,2026-03-19,JuaN2861,Mouse,150000,0,pending
107,2026-05-27,oliVeR_695,RAM,800000,3,paid
108,2026-03-20,URSUL9aq5,HDD,700000,0,pending
109,2026-05-06,ItO_917,Headset,450000,5,pending
110,2026-07-28,fiTrI_481,Monitor,2500000,2,failed
111,2026-07-30,diETeR_269,Keyboard,500000,5,cancelled
112,2026-07-26,mARia5194,RAM,800000,1,cancelled
113,2026-08-11,Kofi_940,Printer,3500000,1,paid
114,2026-08-27,sophiE2606,Webcam,300000,5,pending
115,2026-08-28,olGa3DV,RAM,800000,3,pending
116,2026-07-01,shArMAPNTO,Monitor,2500000,5,paid
117,2026-06-07,MONikaahfc,Laptop,10000000,2,pending
118,2026-04-06,thiAGO94465,Headset,450000,0,cancelled
119,2026-06-09,PiErrE_861,Headset,450000,5,refunded
120,2026-05-07,cARMEn29261,Laptop,10000000,0,refunded
121,2026-07-17,AISHaMEy,Monitor,2500000,1,pending
122,2026-03-21,PIeRrE436,Mouse,150000,3,paid
123,2026-04-22,Wei4247,HDD,700000,2,pending
124,2026-06-14,d6iAn_620,Monitor,2500000,3,paid
125,2026-03-21,SerGEYmN,Webcam,300000,2,refunded
126,2026-05-18,siNgHpn9e,Printer,3500000,5,pending
127,2026-05-16,bABatUNDe7469,Headset,450000,1,pending
128,2026-03-31,mAteO1697,HDD,700000,2,cancelled
129,2026-06-11,MARIE_4980,Printer,3500000,3,pending
130,2026-05-24,Kim_178,Monitor,2500000,2,cancelled
131,2026-07-13,suSAnne06HV,Mouse,150000,1,refunded
132,2026-03-29,TANAkA_6971,Mouse,150000,1,paid
133,2026-05-06,ValENTINAZg8,Laptop,10000000,3,failed
134,2026-04-23,KAng24352,Headset,450000,0,cancelled
135,2026-07-04,FiTri_530,Laptop,10000000,4,paid
136,2026-05-02,CarMEN_6302,SSD,900000,5,refunded
137,2026-05-03,sinGh8935,SSD,900000,3,failed
138,2026-05-14,tHIAgO3158,Keyboard,500000,2,failed
139,2026-04-23,jEONgUJsOG,Headset,450000,3,paid
140,2026-08-31,EmmAlL3WT1,Mouse,150000,3,paid
141,2026-05-14,jeoNGW9vX,Webcam,300000,5,pending
142,2026-08-12,fAnGe6,HDD,700000,4,paid
143,2026-06-10,tAnAka2292,Laptop,10000000,3,refunded
144,2026-07-14,OLivIay10t,Keyboard,500000,1,pending
145,2026-04-16,KlAUs4762,Monitor,2500000,3,cancelled
146,2026-05-18,natAli3A2454,RAM,800000,3,refunded
147,2026-08-13,OMar7562,Printer,3500000,5,paid
148,2026-06-16,Yo6uSSeF742,HDD,700000,5,failed
149,2026-05-30,PArk5968,RAM,800000,5,failed
150,2026-05-14,taKAhAshi97Y8,Laptop,10000000,5,refunded
151,2026-04-06,KofI_796,SSD,900000,3,failed
152,2026-04-18,ana9136,Webcam,300000,3,refunded
153,2026-06-15,VaLENTiNa8424,Headset,450000,3,failed
154,2026-04-26,FaNG2905,Printer,3500000,5,refunded
155,2026-03-03,ANNa2881,SSD,900000,5,pending
156,2026-04-25,MATiAs3264,Monitor,2500000,4,pending
157,2026-08-30,shaRmA7307,SSD,900000,3,failed
158,2026-08-06,KA8URczEt,Headset,450000,2,failed
159,2026-05-06,SUsannE4672,RAM,800000,2,failed
160,2026-08-10,JuAn9280,Mouse,150000,2,pending
161,2026-07-28,Na8tALiA_912,Monitor,2500000,2,pending
162,2026-03-27,PArk_180,Mouse,150000,2,failed
163,2026-03-14,maTeo3M,Webcam,300000,4,failed
164,2026-04-06,ChuKWu6020,Webcam,300000,0,paid
165,2026-07-30,chUkwuxc0dz,Monitor,2500000,2,failed
166,2026-08-28,WATaNabE_528,Headset,450000,3,paid
167,2026-04-27,SERGEy1186,HDD,700000,0,pending
168,2026-07-02,UrSulaHQIWI,Laptop,-10000000,5,pending
169,2026-03-27,GUPTaykz8,Keyboard,500000,3,paid
170,2026-04-02,EKoPP,Mouse,150000,2,paid
171,2026-03-27,aMI1nAj6Rxa,HDD,700000,1,failed
172,2026-04-15,nAtALiaqnU,HDD,700000,0,paid
173,2026-06-12,TANakA2854,HDD,700000,5,failed
174,2026-04-02,sant3iaGo_780,Mouse,150000,2,pending
175,2026-03-27,mIchEL5970,RAM,800000,1,cancelled
176,2026-08-23,KIMrdoSi,Headset,450000,5,pending
177,2026-05-30,OmAr_629,Mouse,150000,3,pending
178,2026-08-31,SuzuKi2605,Keyboard,500000,1,cancelled
179,2026-08-07,SHarma52699,HDD,700000,0,pending
180,2026-08-19,mIn9196,Headset,-450000,0,refunded
181,2026-06-11,eKo_182,RAM,800000,3,paid
182,2026-05-12,LeE_931,Printer,3500000,5,cancelled
183,2026-03-14,vALen4tina1787,Mouse,150000,4,failed
184,2026-04-26,DAs6623,Headset,450000,3,failed
185,2026-03-03,m2atIaS4tHv,Printer,3500000,1,failed
186,2026-04-05,Lei_6184,Webcam,300000,1,pending
187,2026-07-16,luC88Z8qk,Mouse,-150000,0,failed
188,2026-06-27,aVa_085,Monitor,2500000,2,failed
189,2026-07-08,E8LijAHQFG,Mouse,150000,3,refunded
190,2026-07-28,jUansm,Keyboard,500000,3,paid
191,2026-05-13,maRiaA8X,Printer,3500000,2,paid
192,2026-08-05,susaNNe1177,HDD,700000,1,paid
193,2026-04-07,tANaka_736,HDD,700000,5,refunded
194,2026-04-17,kAuR2855,Mouse,150000,1,pending
195,2026-08-24,SUSanNExA,SSD,900000,0,pending
196,2026-06-26,SaBInE5B24,Mouse,150000,5,failed
197,2026-08-13,CA1MILlE_024,HDD,700000,5,refunded
198,2026-04-28,MonikanEz,Mouse,150000,5,cancelled
199,2026-08-20,ursULAmT2Yd,RAM,800000,2,paid
200,2026-05-05,JEon9G7D,RAM,800000,5,refunded
201,2026-08-23,CaMIlA2505,Headset,450000,5,paid
202,2026-07-17,OLiveRc7i,HDD,700000,2,refunded
203,2026-04-23,shArma7723,Monitor,2500000,1,failed
204,2026-08-04,iSAb8El_701,Printer,3500000,1,paid
205,2026-07-17,cHO8619,Monitor,2500000,5,paid
206,2026-05-12,uRSuLa86795,SSD,900000,1,failed
207,2026-08-01,JEaN_419,Monitor,2500000,1,failed
208,2026-06-17,BUdiRMPr,Headset,450000,4,pending
209,2026-07-23,erikaj4,Headset,450000,1,refunded
210,2026-04-27,UR3SulA3775,Keyboard,500000,4,pending
211,2026-07-25,Za9inABwsV,Laptop,10000000,1,pending
212,2026-06-17,maRiEh9tg,SSD,900000,1,failed
213,2026-06-25,zA9InaB7861,Keyboard,500000,4,paid
214,2026-06-08,aM6iNA_273,Webcam,300000,5,refunded
215,2026-04-16,HaNs92586,Webcam,300000,1,pending
216,2026-04-23,ANA_514,Monitor,2500000,1,pending
217,2026-05-29,nOaHbd,SSD,900000,4,refunded
218,2026-07-20,kAur_216,Webcam,300000,1,failed
219,2026-05-16,xi4u_154,Headset,450000,0,refunded
220,2026-03-19,Wei8606,Webcam,300000,4,cancelled
221,2026-04-09,budI16089,HDD,700000,2,refunded
222,2026-08-22,NgoZI_736,Printer,3500000,1,pending
223,2026-05-31,MARIam3073,Keyboard,500000,2,pending
224,2026-04-28,CITRa_467,Webcam,300000,2,failed
225,2026-07-17,avA30312,Monitor,2500000,5,refunded
226,2026-04-22,DIeTer_4069,Laptop,10000000,3,refunded
227,2026-08-09,I6SAbel_883,HDD,700000,1,failed
228,2026-03-22,mARIam291,Keyboard,500000,0,failed
229,2026-05-09,a0Va_702,Monitor,2500000,4,paid
230,2026-06-22,asEP9767,RAM,800000,5,refunded
231,2026-06-11,chUKwUrS8n,Keyboard,500000,0,pending
232,2026-08-29,FatIma_3375,HDD,700000,0,cancelled
233,2026-06-19,eLeNA_675,Laptop,10000000,2,failed
234,2026-08-27,NGoZi8_916,Headset,450000,5,failed
235,2026-05-27,patelvb90,Printer,3500000,1,refunded
236,2026-06-21,VaLeRIA_306,Headset,450000,2,cancelled
237,2026-07-17,lEE_364,Headset,450000,1,refunded
238,2026-06-15,JUAn_353,Webcam,300000,4,pending
239,2026-03-24,youSSEF_945,Monitor,2500000,1,pending
240,2026-05-17,mANUEl_911,Printer,3500000,1,failed
241,2026-07-31,tHIago5u,Laptop,10000000,3,refunded
242,2026-07-20,pIERRE_263,SSD,900000,2,paid
243,2026-03-13,choI_443,Monitor,2500000,2,pending
244,2026-03-19,sOPHiEjpHQw,Mouse,150000,1,failed
245,2026-07-10,mATIas9r,Printer,3500000,3,cancelled
246,2026-05-21,mARIAM_468,HDD,700000,3,pending
247,2026-06-07,paRk_312,Keyboard,500000,1,paid
248,2026-08-27,ChUKwU1172,HDD,700000,4,refunded
249,2026-08-10,FaTIMA_833,RAM,800000,4,pending
250,2026-06-30,ITO9580,HDD,700000,4,cancelled
251,2026-07-28,ZAkI_282,SSD,900000,2,pending
252,2026-04-08,ji6anbkI1G,Mouse,-150000,3,pending
253,2026-06-28,AMInaDIG,Headset,450000,1,paid
254,2026-03-28,PetErVWi,Printer,3500000,0,failed
255,2026-08-05,ASEpV4Ba,Headset,450000,5,paid
256,2026-03-26,Le6E794,HDD,700000,5,paid
257,2026-03-17,vAlEnTiNA_525,SSD,900000,5,paid
258,2026-05-25,baBATunderU,SSD,900000,1,failed
259,2026-08-05,cHUKWU6741,Mouse,150000,1,paid
260,2026-05-29,sUzUkI_696,HDD,700000,2,pending
261,2026-03-25,NOaHitmD7,HDD,700000,5,paid
262,2026-05-30,jEONg2426,HDD,700000,2,refunded
263,2026-08-16,ANtonIo9511,Printer,3500000,4,pending
264,2026-03-13,cho_3645,Mouse,150000,4,paid
265,2026-05-30,alI_565,Mouse,150000,4,failed
266,2026-07-13,AVA263,Laptop,10000000,0,paid
267,2026-08-14,FATI1MASVk,Mouse,-150000,1,refunded
268,2026-05-08,SUZUKI1867,RAM,800000,2,refunded
269,2026-04-09,tAo6V,Printer,3500000,2,pending
270,2026-04-30,WATANABefZ,Laptop,10000000,4,refunded
271,2026-03-20,caMIllE_882,Headset,450000,1,cancelled
272,2026-04-05,kiM_114,SSD,900000,2,refunded
273,2026-08-30,patEL9787,Laptop,10000000,5,pending
274,2026-07-09,oLiVER3182,Laptop,10000000,2,failed
275,2026-07-01,iTo1748,Printer,3500000,4,refunded
276,2026-05-22,ekO2563,Headset,450000,2,cancelled
277,2026-05-26,kLaus71168,Printer,3500000,1,paid
278,2026-08-20,mAriEjIZss,Printer,3500000,0,cancelled
279,2026-04-12,SaBINE_611,RAM,800000,1,cancelled
280,2026-03-02,JeOng_741,Webcam,300000,3,paid
281,2026-05-02,CitrA_300,Laptop,10000000,1,cancelled
282,2026-07-25,Ca9miLleJreb,Webcam,300000,2,refunded
283,2026-07-05,siNgh_8788,Webcam,300000,5,cancelled
284,2026-07-24,cAMIlle_9917,HDD,700000,2,paid
285,2026-03-15,SinGh22446,Laptop,10000000,3,paid
286,2026-07-13,kAnGahpK,RAM,800000,3,pending
287,2026-08-28,I6Van6edD,Laptop,10000000,1,refunded
288,2026-05-19,uRsuLA81229,HDD,700000,2,pending
289,2026-08-27,AisHabBsBI,Laptop,10000000,0,pending
290,2026-05-18,tANaka_760,SSD,900000,1,paid
291,2026-08-13,CItRa2020,Monitor,2500000,4,refunded
292,2026-03-08,itO_623,Headset,450000,1,refunded
293,2026-05-30,ANNA_146,Webcam,300000,4,cancelled
294,2026-06-24,seRGeYHho,HDD,700000,3,pending
295,2026-03-04,ANA1143,Keyboard,500000,0,refunded
296,2026-08-19,JeaN5662,SSD,900000,5,paid
297,2026-03-29,MIKHaiL_728,Headset,450000,4,refunded
298,2026-07-10,NATALia7565,Mouse,150000,1,paid
299,2026-04-20,juLIE0eIC,Headset,450000,5,pending
300,2026-04-26,KANGvK,Monitor,2500000,5,pending
301,2026-03-03,yOusSef62200,Laptop,10000000,2,paid
302,2026-06-05,jeoNg_523,RAM,800000,5,paid
303,2026-05-31,YOUSsEf_097,Monitor,-2500000,5,cancelled
304,2026-05-29,kofI1iV,Headset,450000,1,paid
305,2026-03-10,Ana_200,Keyboard,500000,2,paid
306,2026-06-04,JEan8484,SSD,900000,5,pending
307,2026-03-09,MarIAm_186,Keyboard,-500000,1,refunded
308,2026-04-08,tao_7669,Laptop,10000000,4,refunded
309,2026-06-12,tAKAHaSHI9975,Keyboard,500000,2,pending
310,2026-05-08,aMiNA98156,Printer,3500000,5,pending
311,2026-07-06,MAriE79630,Keyboard,500000,4,pending
312,2026-03-09,CAMilaZCNr,HDD,700000,4,refunded
313,2026-04-19,SuzUKiy5c,Headset,450000,2,refunded
314,2026-03-26,zAinaB887,RAM,800000,0,refunded
315,2026-07-13,aHMEd4725,HDD,700000,2,cancelled
316,2026-06-03,pIERreWR,Monitor,2500000,5,pending
317,2026-06-18,DEvi5065,Laptop,10000000,3,pending
318,2026-08-08,uRsu9La4057,Keyboard,500000,3,paid
319,2026-05-15,koFI_533,Printer,3500000,0,paid
320,2026-05-29,itO2882,Printer,3500000,0,pending
321,2026-07-26,ChuKWU3Xo,Laptop,10000000,2,paid
322,2026-08-08,CH7UKWu3063,Keyboard,500000,2,refunded
323,2026-07-06,Ah4MED9315,SSD,900000,2,failed
324,2026-05-31,JeONg1918,SSD,900000,1,cancelled
325,2026-07-08,DIaN_748,SSD,900000,2,pending
326,2026-07-12,ErIkA3J732,RAM,-800000,3,paid
327,2026-05-11,BUdI_063,SSD,900000,4,paid
328,2026-05-22,M5atiASM3cIU,SSD,900000,3,refunded
329,2026-04-06,dI3etEr9126,Laptop,10000000,4,failed
330,2026-04-08,ParK7893,RAM,800000,5,refunded
331,2026-05-13,ZAIn2AB_656,Headset,450000,2,failed
332,2026-06-25,LIaM7141,Keyboard,500000,3,refunded
333,2026-08-26,huiL9TR,Laptop,10000000,5,failed
334,2026-05-10,OLgAdqL,Webcam,300000,5,paid
335,2026-08-13,aNtoni8O_965,HDD,700000,0,failed
336,2026-06-21,park_872,RAM,800000,0,paid
337,2026-06-09,mARia7f09,Keyboard,500000,3,cancelled
338,2026-06-07,PaRKMDH,Monitor,2500000,1,paid
339,2026-05-08,eKO_9738,Mouse,150000,4,failed
340,2026-05-14,siNGHqefgT,Laptop,10000000,3,refunded
341,2026-08-21,ErIKa_1586,SSD,900000,4,failed
342,2026-06-28,OLgA_077,Headset,450000,4,cancelled
343,2026-06-26,MATeo_634,RAM,800000,4,pending
344,2026-08-03,AMiNa_133,Laptop,10000000,2,paid
345,2026-07-12,BUdi9k,Keyboard,500000,2,failed
346,2026-08-12,MaTiaS_851,RAM,800000,5,failed
347,2026-08-01,sabInE_747,HDD,-700000,2,refunded
348,2026-04-14,matIAs2455,Headset,450000,0,paid
349,2026-03-31,cARMeN_4690,Webcam,300000,0,cancelled
350,2026-07-16,kA0nG_860,Monitor,2500000,2,refunded
351,2026-07-31,sAtOx7QZ,HDD,700000,4,paid
352,2026-04-19,siNGH_739,Keyboard,500000,3,pending
353,2026-08-07,ciTrAhD,Webcam,300000,2,refunded
354,2026-08-26,kiM285,Laptop,10000000,5,refunded
355,2026-03-07,PiERreaU,Webcam,300000,4,refunded
356,2026-07-02,kWaMeNNc,Keyboard,500000,3,failed
357,2026-07-03,LeE_8952,Keyboard,500000,0,paid
358,2026-07-17,sabiNEFbny,Printer,3500000,4,pending
359,2026-05-09,SAntIAgo3160,Printer,3500000,5,failed
360,2026-04-01,EkO8SyQ,Mouse,150000,2,pending
361,2026-07-12,AsepwYO,SSD,900000,3,refunded
362,2026-03-23,aVA_2624,Headset,450000,4,paid
363,2026-04-29,DaSwaav3,Mouse,150000,2,pending
364,2026-04-18,EkOZe,Mouse,150000,4,pending
365,2026-05-17,santiagO_548,HDD,700000,1,cancelled
366,2026-06-25,MoNika_063,Webcam,300000,2,failed
367,2026-03-03,EMMA1492,Monitor,2500000,5,cancelled
368,2026-06-23,DIAn_111,SSD,900000,5,refunded
369,2026-05-14,PArK_155,Monitor,2500000,0,refunded
370,2026-07-13,anTOniOIx,HDD,700000,0,refunded
371,2026-06-22,IvAn_9254,RAM,800000,5,pending
372,2026-04-28,KIm3376,Headset,450000,3,pending
373,2026-04-28,SUzUki_975,Printer,3500000,3,refunded
374,2026-04-20,EMma37547,Keyboard,500000,4,pending
375,2026-07-15,Kofi_880,Headset,450000,3,refunded
376,2026-06-19,zAIN2AB8893,Webcam,300000,3,failed
377,2026-04-24,CitrAubLA,RAM,800000,1,failed
378,2026-03-24,sharMA28808,Monitor,2500000,3,paid
379,2026-05-14,DieTEr5478,Keyboard,500000,5,pending
380,2026-06-20,Ch9oI1594,RAM,800000,2,paid
381,2026-07-13,dian_318,HDD,700000,0,refunded
382,2026-05-24,KWame3234,Headset,450000,5,cancelled
383,2026-07-25,eLeNAps542,HDD,700000,1,cancelled
384,2026-05-02,kU7mAr1571,Webcam,300000,1,cancelled
385,2026-03-25,takAHAShi_539,SSD,900000,4,refunded
386,2026-05-23,diEter_433,HDD,700000,2,refunded
387,2026-06-03,ELijAhG9No0,Webcam,300000,3,paid
388,2026-05-10,fAT4IMaj2z,SSD,900000,3,paid
389,2026-07-20,aV9A_689,Laptop,10000000,3,cancelled
390,2026-07-13,san9tiAgo9111,Mouse,150000,5,failed
391,2026-08-07,MICHeL_437,HDD,700000,2,failed
392,2026-07-31,JEan3787,SSD,900000,4,cancelled
393,2026-07-12,AsEPM0,RAM,800000,2,paid
394,2026-08-15,MATiaS_169,SSD,900000,3,cancelled
395,2026-04-22,kumar803,Laptop,10000000,4,pending
396,2026-07-03,AvaRU4,SSD,900000,2,paid
397,2026-07-30,aDebayo_410,Monitor,2500000,2,pending
398,2026-05-13,e5RIkA9131,Headset,450000,4,failed
399,2026-06-29,ALI_003,Keyboard,500000,2,pending
400,2026-08-31,ali_312,Keyboard,500000,2,paid
401,2026-06-11,valEria_328,Laptop,10000000,5,refunded
402,2026-06-21,Kwame_656,Printer,3500000,3,failed
403,2026-08-02,anNA_646,Monitor,2500000,1,refunded
404,2026-07-21,Cho_200,Keyboard,500000,4,paid
405,2026-08-30,hanS2756,Printer,3500000,2,refunded
406,2026-06-10,anNaIuV,HDD,700000,1,failed
407,2026-03-24,mIChEl_111,Webcam,300000,4,pending
408,2026-03-11,kIM1824,Webcam,300000,5,refunded
409,2026-03-22,LUc_819,Printer,3500000,0,cancelled
410,2026-06-28,valErIA6158,SSD,900000,0,paid
411,2026-03-18,dEvi_999,Keyboard,500000,3,refunded
412,2026-03-19,ava_325,Keyboard,500000,0,failed
413,2026-04-29,LuC_716,Webcam,300000,1,failed
414,2026-03-10,MiKHAIl20147,Laptop,10000000,1,pending
415,2026-05-22,nO1AH_174,Laptop,10000000,5,pending
416,2026-06-10,patel_312,SSD,900000,3,pending
417,2026-08-11,olIVer_9386,Headset,450000,3,failed
418,2026-04-13,han3S1237,Webcam,300000,1,paid
419,2026-06-09,ASeP4860,Keyboard,500000,1,refunded
420,2026-07-11,sUZukigTo,RAM,800000,0,failed
421,2026-03-28,Se7RGeYpD,Webcam,300000,2,cancelled
422,2026-04-09,URsULach2N,Printer,3500000,4,refunded
423,2026-08-16,A8NNA280,Printer,3500000,3,cancelled
424,2026-05-23,jeaNJBh,Keyboard,500000,1,failed
425,2026-08-21,mARiamblEh0h,SSD,900000,1,paid
426,2026-08-30,Kofi_708,Monitor,2500000,5,refunded
427,2026-04-23,ELeNA2567,Monitor,2500000,1,refunded
428,2026-08-01,bUdI1356,HDD,700000,3,cancelled
429,2026-03-26,KWAme_620,SSD,900000,4,refunded
430,2026-06-24,aMa_142,Keyboard,500000,1,cancelled
431,2026-06-26,pEter9623,SSD,900000,5,paid
432,2026-07-31,lIam7N9,Headset,450000,0,failed
433,2026-05-29,shaRMA93527,Mouse,150000,5,cancelled
434,2026-08-01,MoNikAcPYN,Keyboard,500000,4,failed
435,2026-04-30,suzUKi8845,Printer,3500000,1,cancelled
436,2026-06-05,KANg_4272,RAM,800000,2,cancelled
437,2026-06-02,shaRMab3v,HDD,700000,4,paid
438,2026-06-21,mAnuel5845,Webcam,300000,4,failed
439,2026-05-05,NgoZiSDx7r,Webcam,300000,3,cancelled
440,2026-06-08,ChOIlF,Mouse,150000,2,paid
441,2026-08-07,zaK9i_237,Headset,450000,1,failed
442,2026-08-08,JUaNU5Ykh6,RAM,800000,1,failed
443,2026-06-02,Je6an_268,Monitor,2500000,0,cancelled
444,2026-07-13,JiAn_343,RAM,800000,1,failed
445,2026-07-18,J6iAN7409,RAM,800000,3,failed
446,2026-06-20,kUmAR9877,Headset,450000,1,refunded
447,2026-04-26,ANA_163,Printer,3500000,2,cancelled
448,2026-04-13,JULiE8626,SSD,900000,3,paid
449,2026-08-01,adEbayo14162,Headset,450000,5,paid
450,2026-04-29,iVAN8g,Printer,3500000,4,pending
451,2026-08-25,OlIViA_213,Webcam,-300000,2,pending
452,2026-05-17,vaLENTina_587,Keyboard,500000,4,failed
453,2026-03-05,KwAMe5051,Keyboard,500000,1,pending
454,2026-05-30,b4UDigLs,Printer,3500000,3,paid
455,2026-08-27,devi_146,Monitor,2500000,1,failed
456,2026-05-26,SaNtIAgO5498,Mouse,150000,0,refunded
457,2026-05-04,MiCHEL16144,Headset,450000,2,pending
458,2026-08-01,SUsanNE8560,Mouse,150000,3,refunded
459,2026-04-22,sa0To416a,HDD,700000,4,cancelled
460,2026-04-08,FanG_461,RAM,800000,1,pending
461,2026-05-31,AMina2363,Printer,3500000,4,refunded
462,2026-08-30,DEvi6_390,HDD,700000,4,pending
463,2026-03-23,BUDiVe22,HDD,700000,5,paid
464,2026-08-22,ChO_075,RAM,800000,4,refunded
465,2026-06-24,babatUnDe_119,Laptop,10000000,1,pending
466,2026-08-02,yoUsSEf_803,RAM,800000,4,paid
467,2026-05-05,dAScgX,RAM,-800000,2,failed
468,2026-03-01,jOSe8827,Keyboard,-500000,2,pending
469,2026-04-26,NoAh28264,Headset,450000,1,pending
470,2026-06-06,tAo_184,Webcam,300000,4,failed
471,2026-06-06,olIVERKhK,SSD,900000,3,cancelled
472,2026-07-17,CHOihKU,Laptop,10000000,2,refunded
473,2026-04-05,SUSanN1e3851,Webcam,300000,5,paid
474,2026-03-07,buDi2642,Keyboard,500000,1,pending
475,2026-05-06,kWamE_823,Mouse,150000,4,cancelled
476,2026-04-16,AHmed7_221,Mouse,150000,5,refunded
477,2026-06-23,VALeRiAX2WSq,SSD,900000,0,cancelled
478,2026-06-19,cARmeNcahy,SSD,900000,5,cancelled
479,2026-06-22,nOAH6124,RAM,800000,4,refunded
480,2026-06-06,IVan9O65B,Keyboard,500000,1,failed
481,2026-08-29,devi_038,Webcam,300000,2,failed
482,2026-03-08,kUmaR5037,Headset,450000,3,paid
483,2026-06-09,Ito7_836,RAM,800000,4,refunded
484,2026-06-03,choI6939,Keyboard,500000,5,refunded
485,2026-08-21,sERgEy1347,Monitor,2500000,5,paid
486,2026-08-15,BABatUnDe6688,Laptop,10000000,5,refunded
487,2026-04-27,J4ULiE3QXU,RAM,800000,0,cancelled
488,2026-06-14,CHOiBQp7Q,Headset,450000,4,paid
489,2026-08-26,aIsHa1495,Laptop,10000000,5,failed
490,2026-04-03,isABel_237,Headset,450000,2,paid
491,2026-05-01,diaNs92g,HDD,700000,2,pending
492,2026-07-12,tAKA4HasHI_198,Mouse,150000,3,pending
493,2026-07-12,leEh8vj,HDD,-700000,2,refunded
494,2026-05-04,f8itrI_604,HDD,700000,5,cancelled
495,2026-04-28,TAKaHAshi3265,Laptop,10000000,3,paid
496,2026-07-18,tHIAgo6864,RAM,800000,3,refunded
497,2026-06-30,ana_521,Mouse,150000,4,refunded
498,2026-08-28,kO8Fi6796,Monitor,2500000,2,pending
499,2026-06-30,iSAbeldj4,Webcam,300000,5,paid
500,2026-05-04,MoN5iKa_380,Printer,3500000,5,refunded
501,2026-03-23,NoaHs2n9,Printer,3500000,1,failed
502,2026-07-28,patel4099,Monitor,2500000,2,refunded
503,2026-04-20,YamAmOtoxP,HDD,700000,2,failed
504,2026-04-12,BUd5ITq,Mouse,-150000,0,paid
505,2026-04-29,ISAbelRvTH,HDD,700000,5,refunded
506,2026-06-22,BabatuNde3576,Monitor,2500000,4,paid
507,2026-06-14,gUpTA7VFR2,HDD,700000,1,paid
508,2026-08-05,AishA9096,Headset,450000,5,cancelled
509,2026-03-06,o1LGA_974,Webcam,-300000,2,refunded
510,2026-03-04,luc_620,RAM,800000,4,cancelled
511,2026-07-17,AMinA1757,Headset,450000,4,cancelled
512,2026-03-19,YoUsSEF9985,Keyboard,500000,1,pending
513,2026-08-07,leE5zeOj,RAM,800000,2,refunded
514,2026-07-26,MAria1510,Laptop,10000000,1,cancelled
515,2026-07-06,ADebAYo_095,Headset,450000,1,paid
516,2026-04-14,K3OFI_165,Monitor,2500000,0,cancelled
517,2026-03-25,aliXV,Monitor,2500000,1,cancelled
518,2026-03-15,LIAm3305,SSD,900000,5,pending
519,2026-07-26,eLEnaX65,Mouse,150000,1,refunded
520,2026-06-21,lEI_347,Monitor,2500000,4,pending
521,2026-07-20,VAleRiA2265,Printer,3500000,5,cancelled
522,2026-04-02,pARKEUx,Laptop,10000000,3,refunded
523,2026-05-25,ivAN_716,HDD,700000,2,refunded
524,2026-06-18,jeonG1BV,Printer,3500000,3,cancelled
525,2026-04-09,emMa_559,Printer,3500000,4,failed
526,2026-08-02,fATiMA9311,Laptop,10000000,1,failed
527,2026-08-11,UrSULa_5807,Laptop,10000000,3,cancelled
528,2026-07-01,natAlIA_6672,Mouse,150000,4,failed
529,2026-07-04,PArkTh,Webcam,300000,2,paid
530,2026-08-17,saNtiAgo9490,Printer,3500000,0,failed
531,2026-03-24,nataliA_270,Printer,3500000,5,paid
532,2026-05-14,babAtuNdE_748,RAM,-800000,4,paid
533,2026-03-29,WaTaNaBE5867,Keyboard,-500000,1,pending
534,2026-07-06,dAS11970,Monitor,2500000,1,pending
535,2026-07-17,JEan4412,Laptop,10000000,2,cancelled
536,2026-03-29,cAMiLA_275,Headset,450000,5,refunded
537,2026-05-02,aliyaed,HDD,700000,5,failed
538,2026-03-11,hui_6825,Keyboard,500000,0,refunded
539,2026-06-26,tAO_675,Monitor,2500000,2,refunded
540,2026-05-29,TAnaka2079,Keyboard,500000,1,failed
541,2026-05-25,chO_817,Printer,3500000,5,cancelled
542,2026-07-25,DiETEr_155,Laptop,10000000,3,pending
543,2026-03-18,JeoNgvHn,Mouse,150000,5,cancelled
544,2026-03-08,santIaGo9656,Headset,450000,3,paid
545,2026-05-24,AmA7605,RAM,800000,5,pending
546,2026-04-09,pe9TER7C,RAM,800000,1,failed
547,2026-03-17,sAbINEoG,Printer,3500000,2,pending
548,2026-06-01,MONiKASIJA5,Webcam,300000,0,refunded
549,2026-05-31,o7LgA542,Laptop,10000000,1,paid
550,2026-04-07,mONiKA6088,Keyboard,500000,2,pending
551,2026-03-23,sHaRMAONyUy,RAM,800000,2,refunded
552,2026-08-11,valErIAe3,Printer,3500000,0,refunded
553,2026-07-01,TANAKaYN,Printer,3500000,4,pending
554,2026-07-03,LUc8f3k,HDD,700000,3,pending
555,2026-06-24,ShARMa38Bz,SSD,900000,1,cancelled
556,2026-07-20,PetER337,Webcam,300000,0,cancelled
557,2026-08-05,aNTOnIO4367,SSD,900000,5,refunded
558,2026-07-20,aVAdrupJ,Webcam,300000,1,failed
559,2026-04-10,THiagOu4QjwC,Webcam,300000,3,refunded
560,2026-04-15,park_213,Laptop,10000000,4,failed
561,2026-04-11,bUdi9553,RAM,800000,4,failed
562,2026-06-28,sUzuki2551,Mouse,150000,5,failed
563,2026-06-19,CHO_540,SSD,900000,1,cancelled
564,2026-06-11,iTo_971,Laptop,10000000,2,refunded
565,2026-08-08,dieTer8219,Monitor,2500000,4,paid
566,2026-04-24,iSABELTx,Mouse,150000,3,pending
567,2026-08-21,siNgH38516,HDD,700000,5,pending
568,2026-05-19,amiNa_4717,Webcam,300000,1,pending
569,2026-04-08,xiUVZ6,RAM,800000,0,pending
570,2026-05-10,cHOI_132,Headset,450000,1,refunded
571,2026-07-05,MateOB7qeF,Monitor,2500000,4,pending
572,2026-03-31,mA7TiaS_472,Keyboard,500000,5,paid
573,2026-08-30,LIAM_5515,SSD,900000,1,paid
574,2026-08-03,SU7sAnne_170,Laptop,10000000,5,cancelled
575,2026-07-19,kANgIt3tY,HDD,700000,2,paid
576,2026-05-01,ana_753,Headset,-450000,2,refunded
577,2026-07-25,eli1JAhvwj,Laptop,10000000,3,pending
578,2026-08-16,iSABEL1ZqkN,Webcam,300000,3,pending
579,2026-08-14,ChuKWUsCA,Headset,450000,3,pending
580,2026-08-18,Fit2rI6217,Keyboard,500000,2,failed
581,2026-07-03,iSABEl_112,Webcam,300000,1,paid
582,2026-07-16,dEVi_832,Monitor,2500000,3,refunded
583,2026-08-12,Ch2UKWUdo8,Keyboard,500000,2,failed
584,2026-08-27,huiv6v,Headset,450000,5,cancelled
585,2026-03-13,haNS_783,Webcam,300000,5,cancelled
586,2026-06-30,choI19968,Printer,3500000,1,refunded
587,2026-05-05,ERIKA_4375,Printer,3500000,1,pending
588,2026-07-06,oLIViAEv,Webcam,300000,3,refunded
589,2026-08-01,ISabEliZPNM,Headset,450000,5,cancelled
590,2026-06-16,sErgEY_189,SSD,900000,5,cancelled
591,2026-04-09,sanTIAGo_787,Webcam,300000,3,pending
592,2026-03-01,xIuKy5Hz,RAM,800000,1,refunded
593,2026-03-04,buDiUsN,Mouse,150000,2,paid
594,2026-05-28,DmITry7942,SSD,900000,2,cancelled
595,2026-07-25,eKO62C,Webcam,300000,0,pending
596,2026-03-16,MateoOF8U,Mouse,150000,3,paid
597,2026-06-21,MATEO_718,SSD,900000,2,paid
598,2026-04-29,LUC_345,Headset,450000,5,failed
599,2026-04-05,cH7ARLoTTE_169,SSD,900000,4,failed
600,2026-05-23,siNgHLi,RAM,800000,2,cancelled
601,2026-05-21,tAKAhas2hiDl,HDD,700000,4,refunded
602,2026-03-28,kiM6_291,Monitor,-2500000,3,cancelled
603,2026-03-25,Das_888,SSD,-900000,5,refunded
604,2026-08-07,AIsh1a574,HDD,700000,4,cancelled
605,2026-06-14,EliJahwOYwA,Printer,3500000,4,failed
606,2026-03-03,ana8875,Monitor,2500000,1,paid
607,2026-08-30,aDebAYO_074,SSD,900000,3,paid
608,2026-04-06,tanaKA_094,Keyboard,500000,0,refunded
609,2026-06-23,NOAh8264,Mouse,150000,5,paid
610,2026-07-04,wataNaBe9279,Webcam,300000,3,failed
611,2026-04-02,m3anuel6737,SSD,900000,1,cancelled
612,2026-08-27,omar3045,RAM,800000,2,refunded
613,2026-04-21,pierRe_485,Printer,3500000,1,paid
614,2026-07-28,Lei139,Keyboard,-500000,2,refunded
615,2026-08-04,ELenA_955,Printer,-3500000,5,pending
616,2026-08-16,mIkhaIlJR,Headset,450000,2,failed
617,2026-06-28,Za0ki6389,Headset,450000,1,failed
618,2026-03-25,hansn9TP,Mouse,150000,3,refunded
619,2026-08-21,vAlENtINAWohwU,HDD,700000,4,refunded
620,2026-07-25,ahMe0d8S016,Laptop,10000000,4,cancelled
621,2026-07-07,camilA_323,Keyboard,500000,4,refunded
622,2026-06-08,PATElBqo,RAM,800000,3,failed
623,2026-04-22,ekoTe,Mouse,150000,3,refunded
624,2026-08-04,mIcHEL9919,Printer,3500000,4,refunded
625,2026-03-28,JUan12475,Headset,450000,4,refunded
626,2026-07-04,shaRMaEMEgz,Mouse,150000,4,paid
627,2026-04-22,DI7EteR9584,Keyboard,500000,5,failed
628,2026-05-01,jUan87q,Monitor,2500000,2,paid
629,2026-06-05,isabeL89,Keyboard,500000,3,refunded
630,2026-08-02,oLiVia6114,Keyboard,-500000,3,refunded
631,2026-06-23,AvAeP6fc,Mouse,150000,2,failed
632,2026-03-15,aMiNa3NkjU,Headset,450000,4,refunded
633,2026-08-06,lUC_885,Mouse,150000,3,refunded
634,2026-06-14,MANUeL3031,HDD,700000,2,cancelled
635,2026-05-11,EkO_963,RAM,800000,4,failed
636,2026-06-26,jOse9_776,Laptop,-10000000,2,pending
637,2026-07-25,EleNa8_135,Mouse,150000,4,cancelled
638,2026-05-18,Kaur_018,Mouse,150000,3,failed
639,2026-08-14,citRA_744,HDD,-700000,5,refunded
640,2026-05-13,MAteO_632,Headset,450000,3,pending
641,2026-06-18,ZAKiuT,HDD,700000,5,cancelled
642,2026-05-06,n6oAh9613,Printer,3500000,3,refunded
643,2026-05-20,Ama_043,Webcam,300000,4,refunded
644,2026-08-20,NGOZiJY,Webcam,300000,1,failed
645,2026-03-21,juLIe5CBoqL,Printer,3500000,2,failed
646,2026-03-03,SAbINe_582,Headset,450000,4,failed
647,2026-03-05,JosE_7396,HDD,700000,5,cancelled
648,2026-03-13,olivIa_184,Keyboard,500000,0,failed
649,2026-08-11,KIm2027,Keyboard,500000,5,pending
650,2026-08-01,carMEnVBL,Headset,450000,1,pending
651,2026-08-24,parK3189,Mouse,-150000,2,pending
652,2026-05-09,sabINE8062,Laptop,10000000,5,refunded
653,2026-06-19,elENA2016,HDD,700000,3,pending
654,2026-06-17,zAInAbvFP3,Headset,450000,3,paid
655,2026-05-29,NOahhlXV,Webcam,300000,5,cancelled
656,2026-07-06,mateO1XJ5,Mouse,150000,4,paid
657,2026-06-09,yamAmoto7e,Mouse,150000,2,failed
658,2026-03-06,J8oSE_277,Headset,450000,1,pending
659,2026-08-22,AsePu5ctg,SSD,900000,3,failed
660,2026-04-16,parK33978,SSD,900000,4,paid
661,2026-06-28,LUCkFPhz,Laptop,10000000,2,cancelled
662,2026-07-31,cami6lA0J,RAM,800000,4,paid
663,2026-06-25,p9aTElJD,Keyboard,500000,3,cancelled
664,2026-03-29,SAto_082,RAM,800000,3,paid
665,2026-03-29,FaTimA8528,Webcam,300000,0,paid
666,2026-04-11,DAS_830,Webcam,300000,3,pending
667,2026-06-09,NoaH_229,Laptop,10000000,5,failed
668,2026-07-24,w2AtanAbe6928,Mouse,150000,2,pending
669,2026-07-22,aMA5691,Keyboard,500000,3,pending
670,2026-05-13,MiKhaI3l_033,Webcam,300000,4,cancelled
671,2026-03-17,ElenA_608,HDD,700000,0,pending
672,2026-06-04,WataNabE_387,Keyboard,500000,4,paid
673,2026-07-04,JEoNg2590,Printer,3500000,5,paid
674,2026-07-05,JeOng_652,Webcam,300000,2,failed
675,2026-06-03,BuDIiAFq,Monitor,2500000,1,cancelled
676,2026-03-19,kAUr_210,Headset,450000,3,cancelled
677,2026-07-15,AMa8f,Keyboard,500000,4,pending
678,2026-07-25,isA8beL2700,SSD,900000,2,paid
679,2026-08-25,avALQQ,Laptop,10000000,4,refunded
680,2026-07-15,YaMa2MOtO_286,Laptop,10000000,2,refunded
681,2026-07-27,nAtaLia_778,RAM,800000,5,pending
682,2026-06-20,CHo4meb03,Headset,450000,3,pending
683,2026-03-28,DAs1587,Webcam,300000,2,refunded
684,2026-04-03,ITo_919,Printer,3500000,1,cancelled
685,2026-05-25,yousSEF7731,Laptop,10000000,5,paid
686,2026-06-21,antOniOfYAxA,RAM,800000,1,failed
687,2026-07-26,tAOBIWi,HDD,700000,5,failed
688,2026-04-16,GuptA5947,Webcam,300000,4,pending
689,2026-05-18,lEI_7987,Keyboard,-500000,3,refunded
690,2026-03-24,TaO_242,Laptop,10000000,5,failed
691,2026-03-24,a1LI6153,Headset,450000,3,pending
692,2026-08-15,SharMaulb8,HDD,700000,4,failed
693,2026-06-01,TAkAhAShIOkV4C,Webcam,300000,4,cancelled
694,2026-06-30,adEBaYO_447,Headset,450000,4,paid
695,2026-07-24,BaBATUnDe6YZEt,Headset,450000,0,failed
696,2026-08-31,ngOzi8066,SSD,-900000,0,failed
697,2026-06-29,Ngozike7,Laptop,10000000,3,refunded
698,2026-03-02,chuKWU3796,RAM,800000,2,paid
699,2026-06-13,SabiNe6604,RAM,800000,2,cancelled
700,2026-03-11,KWAMe_968,Laptop,-10000000,5,cancelled
701,2026-04-17,NgOZ7I7780,SSD,900000,2,failed
702,2026-07-13,Elena9912,Printer,3500000,1,refunded
703,2026-07-18,LEemu8,Keyboard,500000,3,cancelled
704,2026-04-26,PaRK78006,Keyboard,500000,2,paid
705,2026-08-01,ChARLOTte_898,Printer,3500000,4,failed
706,2026-07-11,kWame91i,Headset,450000,1,pending
707,2026-06-08,erIka6df,Laptop,10000000,3,pending
708,2026-05-16,jE5An5045,Webcam,-300000,2,failed
709,2026-08-18,KAN8GZCJ,Printer,3500000,5,pending
710,2026-08-11,kLauS_524,RAM,800000,1,failed
711,2026-03-08,aNTONIo_792,SSD,900000,1,cancelled
712,2026-04-26,DMITR6Y283,RAM,800000,3,failed
713,2026-08-17,IvAn26687,RAM,800000,5,paid
714,2026-03-14,MArieaAY,Webcam,300000,0,cancelled
715,2026-08-10,micheL2824,RAM,800000,2,failed
716,2026-04-04,haNS9944,SSD,900000,3,cancelled
717,2026-04-28,aDebayO98459,SSD,900000,5,refunded
718,2026-05-13,PaTeL628,Keyboard,500000,1,paid
719,2026-03-18,ZAInab1768,RAM,800000,2,pending
720,2026-07-09,kofi_437,Laptop,10000000,0,paid
721,2026-05-12,MaRIe6ZJt,Monitor,2500000,4,failed
722,2026-07-01,manUELx6MI,Printer,-3500000,0,refunded
723,2026-03-20,youSSef8264,Printer,3500000,1,failed
724,2026-08-25,aishA2251,Webcam,300000,1,failed
725,2026-07-07,YoUSSeF2060,HDD,700000,2,refunded
726,2026-07-02,PA2rk_368,RAM,-800000,1,failed
727,2026-04-02,mIKH8AIlPA,Keyboard,500000,3,paid
728,2026-08-15,ThiAGO6907,Laptop,10000000,2,refunded
729,2026-08-22,CARMEN_094,HDD,700000,4,pending
730,2026-07-24,l0UC7519,Headset,450000,3,failed
731,2026-03-18,Kim7_172,HDD,700000,3,failed
732,2026-04-10,SAbI2ne2136,RAM,-800000,3,paid
733,2026-06-06,Eko980,RAM,800000,3,paid
734,2026-05-21,TAkAhAShIMCvbZ,SSD,900000,0,cancelled
735,2026-07-19,dAsX50wb,Laptop,10000000,4,refunded
736,2026-08-02,kOF0Ik87,Laptop,10000000,2,pending
737,2026-04-27,aLi_861,RAM,800000,3,paid
738,2026-06-10,LIa3M1848,SSD,900000,3,paid
739,2026-05-29,JoSe1lB,HDD,700000,3,failed
740,2026-07-15,ThiaGodRO,Webcam,300000,2,refunded
741,2026-04-03,JOsE5iI,HDD,700000,1,failed
742,2026-03-19,CItRA0d,Monitor,2500000,0,failed
743,2026-08-03,SOPhIe4369,Printer,3500000,1,paid
744,2026-06-19,s5eRGey_873,HDD,700000,3,failed
745,2026-08-05,TanaKaIlT,HDD,700000,3,cancelled
746,2026-04-12,aNN2a_827,Printer,-3500000,1,failed
747,2026-07-18,guPtAiDe,Monitor,2500000,4,pending
748,2026-08-02,AMiNa_5444,Printer,3500000,1,failed
749,2026-07-11,cIT9rA_546,Keyboard,500000,3,pending
750,2026-08-17,Kumar_019,Monitor,2500000,5,cancelled
751,2026-05-31,jeAn3380,RAM,800000,2,paid
752,2026-06-09,DMItrY5585,Laptop,10000000,1,refunded
753,2026-05-30,cHukw4u5984,Keyboard,500000,5,refunded
754,2026-05-06,MAr0Ie1341,Laptop,10000000,5,cancelled
755,2026-03-07,thIago_692,Monitor,2500000,2,paid
756,2026-08-03,IvAn_840,Laptop,10000000,2,cancelled
757,2026-06-24,tHiagoDHi,Monitor,2500000,2,refunded
758,2026-05-15,alI_156,RAM,800000,4,paid
759,2026-08-31,aliA8YL,Webcam,300000,1,refunded
760,2026-04-02,XiU_102,Mouse,150000,1,failed
761,2026-05-13,chUkwu_413,Keyboard,500000,2,paid
762,2026-07-19,DIA5n_931,Headset,450000,2,paid
763,2026-04-24,IVanB22p,Monitor,2500000,3,paid
764,2026-06-16,NGozi6436,RAM,800000,0,paid
765,2026-03-17,SaNtIaGO_7880,Webcam,300000,0,paid
766,2026-08-13,ma5rIa8WZ,Printer,3500000,3,paid
767,2026-04-23,TH6iAgORt,Monitor,2500000,0,failed
768,2026-08-10,AHmEd_692,Mouse,150000,4,refunded
769,2026-08-15,sUsanNeSI47,SSD,900000,2,pending
770,2026-07-05,miN_217,SSD,900000,1,refunded
771,2026-07-27,jose_075,Mouse,-150000,1,failed
772,2026-03-23,kAnG86490,HDD,700000,2,cancelled
773,2026-06-11,citrA_480,RAM,800000,0,pending
774,2026-08-08,monik5a9024,RAM,800000,1,pending
775,2026-06-26,ANna2530,Printer,3500000,0,cancelled
776,2026-08-23,HUI57537,RAM,800000,4,pending
777,2026-07-15,maTEo_259,Mouse,150000,1,refunded
778,2026-08-22,xiu_689,SSD,900000,5,paid
779,2026-05-09,sanTIAgO2839,Printer,3500000,1,pending
780,2026-04-13,fA2tIMA708,HDD,700000,2,failed
781,2026-04-07,vALenTINA8528,Mouse,150000,3,pending
782,2026-08-25,serGEy909,Keyboard,500000,1,paid
783,2026-06-28,lIAMdluMM,RAM,800000,5,pending
784,2026-03-02,sop8HIE_033,Webcam,300000,3,paid
785,2026-06-23,ANToNiO_9227,RAM,800000,2,failed
786,2026-07-21,thIaGo9pIgv,Printer,3500000,5,paid
787,2026-06-16,oLiVIa1500,HDD,700000,5,refunded
788,2026-03-02,SErgeY8060,Laptop,10000000,1,refunded
789,2026-07-07,sHArMA_262,Webcam,300000,1,failed
790,2026-06-18,anna85052,Mouse,150000,2,paid
791,2026-07-22,oliVia3956,Printer,3500000,1,refunded
792,2026-05-21,sATO6720,Headset,450000,5,refunded
793,2026-03-22,ELEnahTY,Printer,3500000,0,pending
794,2026-06-27,matiaS_956,Keyboard,500000,1,paid
795,2026-08-31,WE7I_842,Headset,450000,5,cancelled
796,2026-08-07,juLIE9_175,Headset,450000,3,refunded
797,2026-07-29,PIeRreuy,Webcam,-300000,0,failed
798,2026-07-13,mAteO1863,Mouse,-150000,5,refunded
799,2026-08-13,PIeRRE_053,Printer,3500000,0,paid
800,2026-06-23,LiAm_901,Laptop,10000000,1,failed
801,2026-04-15,AnA_5283,Headset,450000,3,failed
802,2026-08-07,yoUsseF6239,Headset,450000,3,paid
803,2026-03-13,PIeRre1280,Printer,3500000,2,cancelled
804,2026-05-28,ELijAhxeUo,HDD,700000,2,cancelled
805,2026-04-03,VaLeriA265,Printer,3500000,5,paid
806,2026-08-17,ValENTinA_4744,Laptop,10000000,3,pending
807,2026-06-20,Xiu58722,Webcam,300000,3,cancelled
808,2026-05-16,hu5I1119,Keyboard,500000,1,paid
809,2026-04-12,DiEtER_090,Headset,450000,5,failed
810,2026-04-19,vAle9rIA5093,HDD,700000,3,refunded
811,2026-03-27,caMiLle_918,Headset,450000,4,pending
812,2026-05-25,sAbInehgky,Printer,3500000,3,pending
813,2026-03-11,EmmA3677,RAM,800000,2,paid
814,2026-07-03,zaiNaB_472,Keyboard,500000,2,refunded
815,2026-04-20,dIan_331,Headset,450000,1,refunded
816,2026-07-19,aMaWAND,Mouse,150000,2,paid
817,2026-06-12,iVAN_427,Webcam,300000,2,pending
818,2026-07-31,AN4TONIO8352,HDD,700000,5,pending
819,2026-04-10,chUKWUtiMk,Monitor,2500000,2,refunded
820,2026-08-23,olGA5060,HDD,700000,3,pending
821,2026-05-01,maRie_371,Keyboard,500000,0,refunded
822,2026-08-16,LUCZ8gB2,Headset,450000,4,paid
823,2026-06-25,MoniKa5094,Mouse,150000,2,failed
824,2026-05-11,eRiKaxK4C,Keyboard,500000,3,pending
825,2026-03-18,SABiNE_980,Laptop,-10000000,2,refunded
826,2026-04-06,nOah_240,Webcam,300000,5,cancelled
827,2026-07-06,maRIay3gjy,Mouse,-150000,2,pending
828,2026-06-30,ISABEl3441,Monitor,2500000,5,refunded
829,2026-08-23,sHarmA1oNp,Printer,3500000,1,refunded
830,2026-06-17,aNNA9SI,Webcam,300000,2,cancelled
831,2026-04-25,MiN_996,Mouse,150000,3,refunded
832,2026-06-01,Ka9ng4AgAB,Mouse,150000,3,cancelled
833,2026-04-23,jIa4nRu,Mouse,150000,5,pending
834,2026-08-22,koFi_929,Keyboard,500000,0,failed
835,2026-07-28,v1aLErIa2766,SSD,900000,0,paid
836,2026-07-02,sERgeYL3b,Mouse,150000,3,cancelled
837,2026-04-10,amIn2a41,Printer,3500000,1,paid
838,2026-07-19,ChOI_099,HDD,700000,4,pending
839,2026-05-10,kUmARE15zP,Monitor,2500000,2,refunded
840,2026-03-29,AVa3063,Monitor,2500000,5,refunded
841,2026-03-10,ANnA_824,Mouse,150000,3,refunded
842,2026-03-07,MA8RIam8635,Mouse,150000,2,refunded
843,2026-06-05,oLiVeR77626,Headset,-450000,1,pending
844,2026-04-23,pARk9x,HDD,700000,1,cancelled
845,2026-07-24,baBAtuNde66919,Printer,3500000,0,failed
846,2026-08-05,AMINa9238,SSD,900000,3,failed
847,2026-05-12,maTe3o2989,Monitor,2500000,1,refunded
848,2026-03-16,pierRE2694,HDD,700000,3,refunded
849,2026-07-09,HU1i_096,Printer,3500000,4,pending
850,2026-07-25,mICHEL87334,Printer,3500000,4,paid
851,2026-07-02,DEviOm9,Laptop,10000000,3,cancelled
852,2026-03-08,kLaus56373,Monitor,2500000,4,paid
853,2026-07-20,lEiLK6,Monitor,2500000,2,refunded
854,2026-07-03,k1oFigvO,Mouse,150000,4,refunded
855,2026-03-18,nataLIa_307,Headset,450000,5,failed
856,2026-05-19,aDEbaYO_322,Monitor,2500000,3,failed
857,2026-03-16,liAM177,Headset,450000,1,failed
858,2026-03-18,thiagO_949,Laptop,10000000,2,failed
859,2026-04-25,ERiKa8142,Printer,3500000,5,cancelled
860,2026-08-30,JUlIe_533,SSD,900000,4,paid
861,2026-05-09,PaRK6vsYh,Headset,-450000,5,pending
862,2026-04-09,TaNaKA_312,Mouse,150000,0,refunded
863,2026-03-04,SaTO4694,Keyboard,500000,4,cancelled
864,2026-06-21,ELEna_024,RAM,800000,3,paid
865,2026-04-20,AmaZX9,Laptop,10000000,4,paid
866,2026-05-11,ngoZi_282,Monitor,2500000,4,cancelled
867,2026-07-03,mAtEO6534,RAM,800000,3,failed
868,2026-07-30,MaNUel2181,HDD,700000,5,cancelled
869,2026-03-25,ADEBaYOoGu,Webcam,300000,2,refunded
870,2026-08-03,Ch6oi246,Webcam,300000,2,cancelled
871,2026-03-24,pA8Rk4575,Printer,3500000,2,failed
872,2026-08-19,taoRFiT,Mouse,150000,1,failed
873,2026-06-04,mIcHEL_857,Mouse,150000,0,failed
874,2026-04-04,JEANn3l,Headset,450000,5,paid
875,2026-08-08,sAto3260,SSD,900000,4,refunded
876,2026-08-30,noaH8316,Monitor,2500000,2,pending
877,2026-07-30,cArmEn_557,Monitor,2500000,3,refunded
878,2026-03-04,WEi_643,Headset,450000,3,pending
879,2026-06-01,MarIaVLqY,Printer,3500000,3,failed
880,2026-03-18,JOS5ezE,Mouse,-150000,1,pending
881,2026-08-30,Ta8o_876,Webcam,300000,5,pending
882,2026-05-11,CARmEn_316,HDD,700000,3,paid
883,2026-06-13,h0aNs_294,Mouse,150000,4,failed
884,2026-04-11,Anna_8374,Headset,450000,1,cancelled
885,2026-05-25,OmaR91214,Laptop,10000000,5,failed
886,2026-06-04,MarI5e_968,Printer,3500000,4,failed
887,2026-08-31,OMAR2756,RAM,-800000,4,pending
888,2026-08-14,mikhA5ILBL,Mouse,150000,1,cancelled
889,2026-04-20,pie4rReNxBjP,RAM,800000,5,failed
890,2026-03-02,DMiTRyCAH6GN,Headset,450000,1,cancelled
891,2026-04-11,lUc_654,SSD,900000,3,failed
892,2026-08-27,NatalIA1363,Keyboard,500000,5,pending
893,2026-08-15,kaNgIT,Keyboard,500000,5,pending
894,2026-05-25,kwame_8972,Mouse,150000,0,refunded
895,2026-04-26,zain6ABrb,Webcam,300000,3,refunded
896,2026-07-27,JeaNOqB1x,SSD,900000,0,cancelled
897,2026-05-28,SH7ArMagjDE,HDD,700000,4,cancelled
898,2026-06-30,uRSula8087,Laptop,10000000,1,refunded
899,2026-08-20,micHE6l1937,SSD,900000,4,paid
900,2026-03-15,SINghfE2R,RAM,800000,1,failed
901,2026-06-28,mOnIka3IuZ9C,Keyboard,500000,5,cancelled
902,2026-04-08,aDeb8ayo_842,RAM,800000,3,paid
903,2026-03-29,AntOnio1212,Mouse,150000,2,pending
904,2026-08-29,aMa9le1d,Headset,450000,1,failed
905,2026-05-22,Peter_330,SSD,900000,1,failed
906,2026-05-19,p3ARk_177,Laptop,10000000,2,failed
907,2026-08-04,ELENA4_744,HDD,700000,2,cancelled
908,2026-06-02,KlAUS_240,SSD,900000,2,failed
909,2026-06-01,paTEL3822,HDD,700000,1,refunded
910,2026-05-07,nOAH_492,Mouse,150000,3,cancelled
911,2026-07-07,LUcfZn,Keyboard,500000,2,refunded
912,2026-07-02,Bu8dI787,HDD,700000,4,pending
913,2026-04-22,AMA2004,Printer,3500000,3,refunded
914,2026-08-03,faTiMaY5,Keyboard,500000,5,pending
915,2026-03-15,ADEbAyo7020,Monitor,2500000,5,paid
916,2026-06-22,guptaw0,Laptop,-10000000,3,paid
917,2026-03-05,AMa_597,Keyboard,500000,1,pending
918,2026-03-03,LEi16212,HDD,700000,3,pending
919,2026-03-20,bu9Di_405,Laptop,10000000,3,pending
920,2026-06-19,PiErRE_138,Webcam,300000,1,paid
921,2026-05-11,ITO_389,HDD,700000,3,paid
922,2026-04-03,lIa8M_318,SSD,900000,4,failed
923,2026-05-25,nGOZINmlie,SSD,900000,4,failed
924,2026-04-02,PIERRetX8Dc,Keyboard,500000,0,paid
925,2026-05-03,parK_281,SSD,900000,2,failed
926,2026-03-23,shARMa_409,Monitor,2500000,4,refunded
927,2026-07-15,Ma5tias8184,RAM,800000,4,refunded
928,2026-07-11,CHARlOttE89H,Headset,450000,5,paid
929,2026-03-30,wEI7048,Keyboard,-500000,1,cancelled
930,2026-08-02,uRSUlaqZ4m,Keyboard,500000,1,refunded
931,2026-04-24,tAKAhaSHI25,Keyboard,500000,5,pending
932,2026-04-27,JiaN_414,HDD,700000,4,refunded
933,2026-04-27,isA1bEL_125,HDD,700000,5,failed
934,2026-07-23,SUzuKI_354,Printer,3500000,3,pending
935,2026-03-31,aVa3Qy6d,HDD,700000,4,cancelled
936,2026-08-25,JOSE7381,Printer,3500000,2,refunded
937,2026-05-21,SINGH_488,Laptop,10000000,2,refunded
938,2026-08-12,MOnIkaNg24N,HDD,700000,3,failed
939,2026-07-12,aNna_854,Monitor,2500000,1,cancelled
940,2026-07-21,Fang7975,SSD,900000,4,paid
941,2026-03-18,liAm_741,Mouse,150000,2,paid
942,2026-07-13,koFi_518,RAM,800000,4,pending
943,2026-06-13,cArMEN_321,RAM,800000,1,failed
944,2026-07-13,CHO9R,SSD,900000,3,refunded
945,2026-08-11,DAS6648,SSD,900000,3,failed
946,2026-08-31,DmItrY30,Mouse,150000,4,failed
947,2026-06-25,PieRrE1683,Keyboard,500000,4,paid
948,2026-07-04,elIJaH9266,Webcam,300000,4,pending
949,2026-08-11,Ngozini2bq,Monitor,2500000,2,refunded
950,2026-05-21,DaSWI7r,Headset,450000,3,failed
951,2026-07-26,KiM6415,Headset,450000,4,pending
952,2026-04-05,JoSE6954,Headset,-450000,0,failed
953,2026-03-05,Kaur_850,RAM,800000,3,failed
954,2026-04-24,wei2344,Printer,3500000,2,paid
955,2026-08-03,KAur_631,Printer,3500000,4,refunded
956,2026-03-30,A6nA4910,Keyboard,500000,1,refunded
957,2026-05-08,ThIAgo1728,Keyboard,500000,4,paid
958,2026-03-08,OLgA9648,Webcam,300000,5,failed
959,2026-08-28,siNGhhQ,SSD,900000,4,pending
960,2026-03-25,takAHASH3I_530,Monitor,2500000,4,pending
961,2026-03-08,E0LEnAiI,HDD,700000,2,failed
962,2026-03-03,AIsha82492,RAM,800000,5,refunded
963,2026-08-26,ChuKwU8306,SSD,900000,2,failed
964,2026-03-10,ValERiA_768,HDD,700000,0,refunded
965,2026-03-09,ChUkwu_757,Printer,3500000,0,refunded
966,2026-03-28,dIAn9995,Headset,450000,4,cancelled
967,2026-06-29,Kw4AMe_976,Printer,3500000,5,refunded
968,2026-03-28,Lei3255,Keyboard,500000,5,failed
969,2026-05-29,MAriaM_320,Printer,3500000,2,pending
970,2026-04-18,OmaRWQ4,SSD,900000,2,cancelled
971,2026-04-26,sAto_055,Webcam,300000,1,cancelled
972,2026-04-10,eKo8127,Laptop,10000000,1,failed
973,2026-06-06,itO_360,Printer,3500000,0,refunded
974,2026-04-05,Xiu_094,Monitor,2500000,1,cancelled
975,2026-04-02,AseP_886,Printer,3500000,2,paid
976,2026-04-18,jose8954,Webcam,300000,0,paid
977,2026-08-05,lEI2217,Keyboard,500000,0,paid
978,2026-04-30,vALEnTINa17,Monitor,2500000,0,cancelled
979,2026-03-09,SINGh7037,Monitor,2500000,5,failed
980,2026-03-23,dmiTrylTsUo,Printer,3500000,4,refunded
981,2026-06-09,ASEP914,SSD,900000,3,refunded
982,2026-04-10,PArK_778,SSD,900000,1,paid
983,2026-07-07,AMINa_808,RAM,800000,1,failed
984,2026-05-11,tANaKa8468,HDD,700000,2,pending
985,2026-07-18,TAo95866,Printer,3500000,4,refunded
986,2026-08-04,oMAr6OM,Headset,-450000,4,cancelled
987,2026-08-30,jean_807,Webcam,300000,3,failed
988,2026-05-02,sOPHie_8014,Mouse,150000,4,failed
989,2026-08-21,jEaN_865,HDD,-700000,3,refunded
990,2026-05-19,OL1iVIA_617,Webcam,300000,5,refunded
991,2026-04-13,saNTiAgO_705,Keyboard,500000,0,paid
992,2026-05-10,M1aRiagIl,RAM,800000,1,refunded
993,2026-03-24,takahaS4Hib2G,SSD,900000,3,failed
994,2026-04-18,nAtalIaI611fZ,Keyboard,500000,2,failed
995,2026-07-18,P9ATELcQM,Mouse,150000,2,failed
996,2026-08-27,mARIe6386,Printer,3500000,2,refunded
997,2026-08-30,IVa4N_648,Mouse,150000,3,pending
998,2026-04-27,CamIlLE4498,HDD,700000,3,pending
999,2026-03-27,gUPTA3V,Mouse,150000,3,failed
1000,2026-06-25,KUM3aR5RFv,Webcam,300000,5,cancelled
1001,2026-08-29,kiM297,RAM,800000,1,pending
1002,2026-03-03,koFi_2781,SSD,900000,4,refunded
1003,2026-06-02,FItRi_006,Printer,3500000,4,refunded
1004,2026-08-15,EMMA7019,Printer,3500000,0,pending
1005,2026-07-25,A7maDJ9Do,Printer,3500000,3,cancelled
1006,2026-07-02,tAnAkA27404,Monitor,2500000,2,cancelled
1007,2026-04-16,Thiago45200,RAM,800000,2,refunded
1008,2026-05-18,THI9AgO7552,Printer,3500000,1,cancelled
1009,2026-03-05,Ko1Fi_453,RAM,800000,4,refunded
1010,2026-04-22,xiuTEu,Mouse,150000,4,pending
1011,2026-03-15,AnToNiO_898,Keyboard,500000,5,cancelled
1012,2026-05-23,JuLIeH814,Mouse,150000,3,failed
1013,2026-08-08,LeIuG8T,HDD,700000,2,refunded
1014,2026-05-04,Eko_8530,Headset,450000,5,cancelled
1015,2026-04-26,vAlEria8096,HDD,700000,2,failed
1016,2026-03-18,guPtAP0Q,Webcam,300000,5,cancelled
1017,2026-04-09,saNtiAGOrIu,Webcam,300000,0,paid
1018,2026-06-19,SerGEY32007,Monitor,2500000,0,failed
1019,2026-03-07,su3SANne2366,Monitor,2500000,1,cancelled
1020,2026-08-17,fATImA92308,Printer,3500000,1,pending
1021,2026-04-21,Noah5651,Keyboard,500000,0,failed
1022,2026-08-09,dMITrYlmh,Keyboard,500000,0,refunded
1023,2026-08-02,FITRiQZAp,Headset,450000,2,failed
1024,2026-06-04,MAr9iaGYzB,Monitor,2500000,2,refunded
1025,2026-06-28,THiagO_296,Headset,450000,3,paid
1026,2026-03-10,weijA0,Laptop,10000000,1,refunded
1027,2026-04-02,ava2339,Headset,450000,5,paid
1028,2026-05-12,JosE_081,Keyboard,500000,2,cancelled
1029,2026-07-06,MiKHAIl2022,Headset,450000,3,failed
1030,2026-08-07,lee0J9zZ,RAM,800000,5,failed
1031,2026-03-22,ki0M_939,Laptop,10000000,4,failed
1032,2026-05-08,joS1E7889,Headset,450000,3,refunded
1033,2026-04-29,dIetEr_418,SSD,900000,4,failed
1034,2026-06-11,DeVIGef,SSD,900000,4,failed
1035,2026-05-07,BAbaTUnde23077,Webcam,300000,3,refunded
1036,2026-07-03,BudITuLKF,HDD,700000,5,pending
1037,2026-07-13,adEbayO5427,Headset,450000,2,failed
1038,2026-08-19,KOFixA6,Laptop,10000000,3,pending
1039,2026-03-28,noAh_304,Keyboard,500000,3,paid
1040,2026-05-26,MIkHAIL_839,RAM,800000,4,pending
1041,2026-05-22,sophIE_142,Mouse,150000,4,paid
1042,2026-06-19,bUDI7642,SSD,900000,2,refunded
1043,2026-08-22,eMma48906,Headset,450000,5,refunded
1044,2026-03-06,asep_548,Laptop,10000000,0,failed
1045,2026-04-28,satO31470,RAM,800000,3,paid
1046,2026-06-07,fANgb1Q,Headset,450000,2,cancelled
1047,2026-08-29,eko9067,SSD,900000,1,failed
1048,2026-07-19,So8pHiEw9bwp,RAM,-800000,3,failed
1049,2026-07-01,j2oSE825,Mouse,150000,5,cancelled
1050,2026-03-05,uRSULaRvEC,RAM,800000,2,cancelled
1051,2026-06-15,carmen_999,Headset,-450000,1,paid
1052,2026-05-16,WatAnaBEGETI,Laptop,-10000000,3,paid
1053,2026-05-25,Hui39770,Headset,450000,4,refunded
1054,2026-05-14,AMiNA4NY,RAM,800000,4,cancelled
1055,2026-07-10,hansokX6,Laptop,10000000,1,cancelled
1056,2026-07-27,SUZUki_1214,Printer,3500000,1,pending
1057,2026-08-18,antoniO3996,Headset,450000,0,pending
1058,2026-07-02,cAmIlaRqeWH,Webcam,300000,5,failed
1059,2026-03-16,olIVeR_917,SSD,900000,2,paid
1060,2026-03-18,taoLfV,Printer,3500000,1,failed
1061,2026-03-18,BaBATUnDE_870,Laptop,10000000,1,refunded
1062,2026-04-13,LeITh7,Printer,-3500000,2,cancelled
1063,2026-08-25,kANg8059,Headset,450000,4,refunded
1064,2026-06-22,mARIE2zkL,Printer,3500000,3,pending
1065,2026-07-21,valERiA_596,RAM,800000,3,failed
1066,2026-05-20,mARiA2048,Webcam,300000,3,refunded
1067,2026-08-25,sATo_085,HDD,700000,4,pending
1068,2026-08-07,nATalIa972,Laptop,10000000,1,cancelled
1069,2026-04-13,ama_727,Printer,3500000,3,cancelled
1070,2026-03-25,caMiLA3O,Webcam,-300000,2,cancelled
1071,2026-04-11,JeoNg_654,Headset,450000,0,pending
1072,2026-05-21,BUdikOW,Laptop,10000000,2,refunded
1073,2026-04-01,VaLERIALOFnl,Headset,450000,3,paid
1074,2026-07-05,FaTImaEqKG,Laptop,10000000,2,cancelled
1075,2026-07-16,paRK1297,Webcam,300000,1,cancelled
1076,2026-07-14,KaUR_198,Monitor,2500000,1,paid
1077,2026-03-02,EKO783,Keyboard,500000,2,failed
1078,2026-07-18,isaBEl80309,Monitor,2500000,5,failed
1079,2026-07-05,kwaME_5396,SSD,900000,2,refunded
1080,2026-08-04,LE3e1782,Headset,450000,1,cancelled
1081,2026-04-11,chuKwU2802,Keyboard,500000,5,paid
1082,2026-06-03,pAtEL_499,Keyboard,500000,4,cancelled
1083,2026-06-20,AmAkJB,Laptop,10000000,0,cancelled
1084,2026-03-22,OLiverOmau,Keyboard,500000,2,paid
1085,2026-04-17,NGOZI_790,SSD,900000,4,failed
1086,2026-04-08,jUan4801,Mouse,150000,5,pending
1087,2026-05-13,CaRmeN_483,Monitor,2500000,0,refunded
1088,2026-07-28,kuMar6747,Mouse,150000,3,pending
1089,2026-04-12,cHO6654,HDD,700000,5,paid
1090,2026-06-07,IVanbic,RAM,800000,0,paid
1091,2026-07-30,fAtima_241,Laptop,10000000,2,refunded
1092,2026-04-12,GUpTA2560,RAM,800000,2,refunded
1093,2026-07-21,kAUR_631,Webcam,300000,4,paid
1094,2026-07-24,antonIorYu8v,Headset,450000,3,cancelled
1095,2026-07-08,sAnTIaGoZn3P,Monitor,2500000,3,pending
1096,2026-06-20,juan_341,RAM,800000,5,pending
1097,2026-04-04,OlIVIAn9gNd,Monitor,2500000,3,paid
1098,2026-06-13,Noah_877,HDD,700000,1,pending
1099,2026-03-11,daS6k1j,Mouse,150000,2,pending
1100,2026-06-21,camilaLbpet,Printer,3500000,1,paid
1101,2026-03-22,koFi_8751,HDD,700000,3,cancelled
1102,2026-08-03,Bu6di0Bx,Keyboard,500000,3,cancelled
1103,2026-04-09,OlivER8258,HDD,700000,3,paid
1104,2026-07-05,aVa_761,RAM,800000,0,cancelled
1105,2026-05-24,hUICfc,Headset,450000,0,failed
1106,2026-05-23,CAmilA_824,SSD,900000,2,refunded
1107,2026-08-19,fanglINm,Mouse,150000,2,paid
1108,2026-05-20,JULIE3353,SSD,900000,3,paid
1109,2026-04-22,MaTeo_367,Webcam,300000,1,cancelled
1110,2026-04-20,gUPta_433,SSD,900000,3,refunded
1111,2026-07-27,ZAinAb3420,HDD,700000,5,cancelled
1112,2026-04-05,ZainaB_679,SSD,900000,1,failed
1113,2026-03-06,dIANxoS,Headset,450000,1,cancelled
1114,2026-05-27,kaNG_343,Monitor,2500000,2,pending
1115,2026-05-11,DIANba,Monitor,2500000,4,refunded
1116,2026-07-08,AmA_197,SSD,900000,1,paid
1117,2026-07-13,ANtOnIO3726,Keyboard,500000,1,cancelled
1118,2026-06-27,micHElB2,Laptop,10000000,2,cancelled
1119,2026-03-22,NaTAlIa39472,HDD,700000,1,failed
1120,2026-06-09,FATImaudLD,Printer,3500000,5,failed
1121,2026-08-09,lIAm394,RAM,800000,3,pending
1122,2026-04-30,maRIaeh71k,Keyboard,500000,4,failed
1123,2026-06-03,FItRiCnt,Monitor,2500000,4,cancelled
1124,2026-05-03,FATImA_7623,RAM,-800000,5,pending
1125,2026-06-22,faTiMAUUzA3,Headset,450000,3,pending
1126,2026-04-11,Fang2Zn,Headset,450000,4,failed
1127,2026-06-18,MonI2kAhe2Pb,RAM,800000,3,refunded
1128,2026-07-31,dIetERWuQP,Webcam,300000,5,cancelled
1129,2026-06-26,UrSulAgJwv,Webcam,300000,3,pending
1130,2026-08-17,sabINe_076,Printer,3500000,2,refunded
1131,2026-08-04,ELEna_989,RAM,800000,0,pending
1132,2026-05-19,e3KoddV,Laptop,10000000,4,refunded
1133,2026-03-15,Kaur8085,Laptop,10000000,4,failed
1134,2026-04-05,TAKAhAsh1Ij1Tb,Monitor,2500000,2,refunded
1135,2026-06-23,sAtO_371,RAM,800000,3,refunded
1136,2026-08-01,sUSaNNejA,Keyboard,500000,4,paid
1137,2026-07-22,jIAN_231,Laptop,10000000,2,paid
1138,2026-07-09,caR7mEN6le,Mouse,150000,1,paid
1139,2026-08-08,pArk_785,Monitor,2500000,2,paid
1140,2026-08-29,SOP1hIe416,HDD,700000,4,cancelled
1141,2026-05-08,AishAmjR,Mouse,150000,3,paid
1142,2026-04-04,C8hoI_169,Webcam,300000,4,pending
1143,2026-03-29,kaUrcZ12R8,SSD,900000,4,paid
1144,2026-08-03,MonIKa9067,Printer,3500000,4,cancelled
1145,2026-04-23,KauRKSm,RAM,800000,2,failed
1146,2026-07-02,kANG_545,Keyboard,500000,4,pending
1147,2026-07-14,CharlOtTEvy,Keyboard,500000,5,pending
1148,2026-05-26,dIETER_254,SSD,900000,3,paid
1149,2026-03-04,tHiagOEl,HDD,700000,3,refunded
1150,2026-08-08,ERIKa735,Headset,450000,3,paid
1151,2026-04-13,i5SABEL_346,Mouse,150000,1,pending
1152,2026-06-08,AISHa1090,Webcam,300000,2,cancelled
1153,2026-07-31,kWAMeTBy,Mouse,150000,2,failed
1154,2026-06-25,maRIa3_919,Webcam,300000,5,pending
1155,2026-05-29,jEON8G_498,Webcam,300000,3,refunded
1156,2026-07-25,fan1g3Yu,Mouse,150000,4,failed
1157,2026-05-21,SuzuKI5695,Headset,450000,1,paid
1158,2026-04-07,michEl_489,Mouse,150000,1,refunded
1159,2026-03-28,sINGH_152,HDD,700000,4,paid
1160,2026-03-30,KWAmE7920,Keyboard,500000,0,cancelled
1161,2026-05-11,anA1DXW,Printer,3500000,4,paid
1162,2026-07-31,kLAu5S8980,Laptop,10000000,5,cancelled
1163,2026-05-19,MonikA_817,Headset,450000,3,refunded
1164,2026-03-18,nOaH6pKJ,Webcam,300000,2,cancelled
1165,2026-07-25,PARK_417,RAM,800000,5,refunded
1166,2026-08-24,Li9aM3480,SSD,900000,1,pending
1167,2026-03-02,kOFIrDy,HDD,700000,3,failed
1168,2026-07-09,MATiaS8854,Mouse,150000,2,refunded
1169,2026-06-06,SiNGh_956,Keyboard,500000,4,failed
1170,2026-08-30,ShaRMa_140,Keyboard,500000,1,paid
1171,2026-03-22,jose9611,Laptop,10000000,3,pending
1172,2026-05-10,HanS8487,SSD,900000,5,cancelled
1173,2026-04-30,eMmAfLkZT,Headset,450000,4,failed
1174,2026-06-27,SH0arma_993,Webcam,300000,0,failed
1175,2026-07-29,CAM2Ille3724,Headset,450000,2,pending
1176,2026-05-26,TAoCEF,Webcam,300000,2,pending
1177,2026-05-23,BU5dI8351,Monitor,2500000,1,cancelled
1178,2026-03-01,mIKhAil2682,RAM,800000,3,refunded
1179,2026-05-06,MikHAIl_827,Webcam,300000,3,cancelled
1180,2026-08-13,CHoi2879,Webcam,300000,4,paid
1181,2026-05-26,maRIag1,Printer,3500000,3,cancelled
1182,2026-05-11,kO7FIHVoo5,Keyboard,500000,4,paid
1183,2026-04-24,ITOXBULg,Mouse,150000,4,paid
1184,2026-05-06,kwameqt5,Webcam,300000,1,pending
1185,2026-06-28,olGAtv,Headset,450000,0,failed
1186,2026-05-15,baBaTUndE_347,Monitor,2500000,1,paid
1187,2026-05-28,MIcHEL_622,Monitor,2500000,5,pending
1188,2026-06-05,mArie1615,RAM,800000,3,refunded
1189,2026-03-10,asEpj0WL,Mouse,150000,4,pending
1190,2026-05-10,Jose7768,Printer,3500000,1,refunded
1191,2026-05-03,ISAbEl_412,Headset,450000,5,cancelled
1192,2026-03-14,MOniKA226,Mouse,150000,4,paid
1193,2026-03-12,CARMEN7831,Monitor,2500000,4,failed
1194,2026-08-17,MiN_581,Headset,450000,4,refunded
1195,2026-08-16,AmINAPB,Laptop,10000000,3,failed
1196,2026-08-30,park1115,SSD,900000,3,cancelled
1197,2026-04-01,jeaN242zSo,Keyboard,500000,2,failed
1198,2026-05-03,AlIEZC,Monitor,2500000,0,pending
1199,2026-05-03,uRS2uLaEIzG,Webcam,300000,2,cancelled
1200,2026-08-26,hAN2S2752,RAM,800000,2,cancelled
1201,2026-05-23,cHUkWu_053,HDD,-700000,3,pending
1202,2026-05-05,babatunDE2645,Mouse,150000,5,paid
1203,2026-05-19,kOFI_574,Printer,3500000,1,cancelled
1204,2026-05-19,LEe_131,Laptop,10000000,4,refunded
1205,2026-06-06,Mi0chElJFq,Monitor,2500000,2,failed
1206,2026-08-27,MANuEljSU,Keyboard,500000,4,cancelled
1207,2026-05-31,fi5TRI_570,Keyboard,500000,2,refunded
1208,2026-06-04,AMA466,Webcam,300000,0,failed
1209,2026-04-12,AiSHA3_034,Monitor,2500000,4,paid
1210,2026-03-27,caMILArV,Headset,450000,2,failed
1211,2026-03-09,wAtanAbE9451,Printer,3500000,4,failed
1212,2026-05-11,MARiAM_384,Headset,450000,3,paid
1213,2026-08-13,kauR_588,Printer,3500000,3,pending
1214,2026-04-30,kaNG8542,Headset,450000,3,pending
1215,2026-03-05,anToNIo220,Monitor,2500000,3,pending
1216,2026-03-17,koF8I8922,Mouse,150000,2,refunded
1217,2026-04-23,aHMed1048,Webcam,-300000,1,cancelled
1218,2026-05-14,jiAn_979,HDD,700000,3,cancelled
1219,2026-08-25,cHoi_585,Laptop,10000000,1,refunded
1220,2026-06-01,paRk5cBzR,Webcam,300000,1,cancelled
1221,2026-06-24,FItRiax6SD,Laptop,10000000,2,pending
1222,2026-03-27,shArma4185,Mouse,150000,0,pending
1223,2026-07-11,mArIaM_038,Laptop,10000000,3,paid
1224,2026-03-19,MIkHail_556,Mouse,150000,4,paid
1225,2026-08-15,SOPHiEda,Keyboard,500000,0,refunded
1226,2026-04-18,ISabeL_193,Webcam,300000,0,refunded
1227,2026-05-18,MATeo2119,Headset,450000,3,paid
1228,2026-07-19,maRIa_793,Keyboard,500000,5,cancelled
1229,2026-03-01,WeiJRQ,Webcam,300000,1,pending
1230,2026-07-13,eRIkaW0t,RAM,800000,5,refunded
1231,2026-06-24,ITO94153,Webcam,300000,2,pending
1232,2026-05-11,jEANN26o,Monitor,2500000,0,refunded
1233,2026-04-19,Cho_2539,Monitor,-2500000,4,pending
1234,2026-07-16,kWaMe4849,Printer,3500000,4,pending
1235,2026-07-09,ELEna5343,SSD,900000,0,paid
1236,2026-04-03,ju2LIE9956,Laptop,10000000,2,cancelled
1237,2026-06-07,adeBayOFjK,Keyboard,500000,5,failed
1238,2026-08-19,aMINAIlxa3W,HDD,700000,1,failed
1239,2026-03-31,cARMen7976,Headset,450000,2,paid
1240,2026-04-04,fitrI_103,Keyboard,500000,0,refunded
1241,2026-07-06,hANS3216,HDD,700000,0,paid
1242,2026-06-03,OliVEr6818,HDD,700000,1,paid
1243,2026-08-23,MA7TIaS9683,SSD,900000,2,cancelled
1244,2026-07-14,CaMIllE_503,Mouse,150000,0,paid
1245,2026-08-18,ITo9_987,HDD,700000,4,failed
1246,2026-07-09,VALeRIaoAAv,HDD,700000,5,paid
1247,2026-08-27,KAng5222,Monitor,2500000,4,paid
1248,2026-08-03,JO1sE7676,RAM,800000,1,paid
1249,2026-04-27,kwaME_875,RAM,800000,4,refunded
1250,2026-06-11,ch1O_921,Monitor,-2500000,1,pending
1251,2026-03-25,CHO_961,SSD,900000,3,cancelled
1252,2026-07-21,LeI2465,Webcam,300000,1,pending
1253,2026-06-17,cHo_0190,Keyboard,500000,1,failed
1254,2026-08-09,TaKahAshI_944,Webcam,300000,4,failed
1255,2026-03-23,jIaNQG1,Monitor,2500000,1,refunded
1256,2026-05-10,eRika8492,Headset,450000,0,failed
1257,2026-03-19,SiNGhIo4i,HDD,700000,4,pending
1258,2026-07-04,fitrIO9jG9,Headset,450000,0,failed
1259,2026-07-12,MOnIKa_448,Mouse,150000,3,pending
1260,2026-07-27,CHoig1TY2,Mouse,150000,4,refunded
1261,2026-06-01,DasGwvL,HDD,-700000,1,paid
1262,2026-05-30,DM7iTRY5682,RAM,800000,2,pending
1263,2026-04-15,wEizpgcW,Monitor,2500000,5,pending
1264,2026-07-15,leI7820,Headset,-450000,5,failed
1265,2026-08-01,FITrI_229,Keyboard,-500000,2,pending
1266,2026-04-16,a6Li_145,SSD,900000,1,failed
1267,2026-08-20,MarIe6ml,HDD,700000,3,pending
1268,2026-05-12,IsAbELau8e8,Webcam,300000,2,paid
1269,2026-08-04,E5mMa_853,SSD,900000,5,failed
1270,2026-03-13,VaLeNTIna932,SSD,900000,5,paid
1271,2026-04-16,Th0IagO4343,RAM,800000,4,cancelled
1272,2026-04-14,DMiTrY_642,Printer,3500000,2,paid
1273,2026-06-30,mariAMbQVi,SSD,900000,3,paid
1274,2026-04-16,cHaRLOTtE2173,Webcam,300000,3,failed
1275,2026-03-20,cHUkWu_287,Laptop,10000000,0,refunded
1276,2026-07-18,olivEr_046,RAM,800000,4,paid
1277,2026-06-28,chArLotteivYI,HDD,700000,3,cancelled
1278,2026-06-20,HAns_120,HDD,700000,3,pending
1279,2026-05-04,D2Ieter2161,HDD,700000,5,paid
1280,2026-08-10,ALI4012,Headset,450000,3,failed
1281,2026-05-20,ba3BAtuNdeys,Printer,3500000,4,pending
1282,2026-08-04,kaur_259,Webcam,300000,0,pending
1283,2026-04-05,aisHA_828,RAM,800000,0,failed
1284,2026-07-21,IToMc,SSD,900000,4,refunded
1285,2026-07-29,aNtONIOdv54FN,Webcam,300000,0,refunded
1286,2026-03-04,OLivIAp0FRC,Webcam,300000,2,refunded
1287,2026-08-11,joSE85304,Monitor,2500000,0,pending
1288,2026-05-26,TAnakA_872,SSD,900000,0,pending
1289,2026-06-25,zainabWZ,Webcam,300000,1,paid
1290,2026-03-20,pEtEr2VK,Printer,3500000,2,failed
1291,2026-07-25,waTANAbe3340,Mouse,150000,1,pending
1292,2026-07-24,HaNS_511,HDD,700000,0,cancelled
1293,2026-03-02,P9ark_656,RAM,-800000,2,refunded
1294,2026-04-17,M7oNiKATPY,Webcam,-300000,2,pending
1295,2026-04-23,dAs_684,Keyboard,500000,3,cancelled
1296,2026-04-08,OLG2a_046,Laptop,10000000,4,failed
1297,2026-06-13,MARiAm0De,HDD,700000,2,refunded
1298,2026-03-27,KwAme7Jl,RAM,-800000,1,refunded
1299,2026-05-26,ama68,RAM,800000,5,paid
1300,2026-03-26,ValeRIA_797,Monitor,2500000,3,pending
1301,2026-05-17,M1IkHAil53,RAM,800000,5,failed
1302,2026-06-20,Xiu709,RAM,800000,4,failed
1303,2026-06-09,camillehpdR,Laptop,10000000,5,pending
1304,2026-06-07,kANG_197,Printer,3500000,5,paid
1305,2026-07-21,Mi7khAiLa96,Laptop,10000000,5,cancelled
1306,2026-07-16,CHOi7140,Monitor,2500000,3,paid
1307,2026-03-22,EMMAYtAD38,Monitor,2500000,4,cancelled
1308,2026-07-22,BuDiSB,Keyboard,500000,1,refunded
1309,2026-05-27,SabINe_4700,Webcam,300000,2,refunded
1310,2026-07-13,fanG4688,SSD,900000,3,cancelled
1311,2026-03-19,aMiNaup,RAM,800000,2,refunded
1312,2026-04-10,elE2nA8914,Printer,3500000,5,paid
1313,2026-03-01,KaNgXora,Webcam,300000,2,pending
1314,2026-05-20,KUMAR_946,RAM,800000,4,failed
1315,2026-07-15,naTAlia2V,Laptop,10000000,0,refunded
1316,2026-04-16,s9aTOiHe,Mouse,150000,4,pending
1317,2026-07-19,EMMA30N,Monitor,2500000,4,failed
1318,2026-07-24,MAriA_737,RAM,800000,2,pending
1319,2026-05-02,eLenA659,Headset,450000,1,cancelled
1320,2026-03-10,JOSE3453,Monitor,2500000,5,cancelled
1321,2026-07-15,mIkHailOVm,Laptop,10000000,2,refunded
1322,2026-06-29,K8umAR_880,Keyboard,500000,0,paid
1323,2026-08-23,zAKI1293,Mouse,150000,1,failed
1324,2026-08-07,anToNiO_481,Headset,450000,5,pending
1325,2026-04-11,ISabeL4008,Headset,450000,0,refunded
1326,2026-06-05,baBAtUnDE2109,Headset,450000,5,pending
1327,2026-07-11,Jean2450,Printer,-3500000,0,pending
1328,2026-03-26,ChOI_734,Monitor,2500000,2,pending
1329,2026-06-18,avA9525,SSD,900000,0,pending
1330,2026-03-10,E6Ko9257,Printer,3500000,2,paid
1331,2026-07-23,MoNikA1534,Mouse,150000,2,cancelled
1332,2026-07-20,citRa1578,Keyboard,500000,1,paid
1333,2026-07-01,KUMarqG,Keyboard,500000,3,cancelled
1334,2026-03-11,Mateo_075,Printer,3500000,1,paid
1335,2026-07-25,Fang_491,Headset,450000,1,cancelled
1336,2026-07-11,sO3PhiE6314,Headset,450000,5,pending
1337,2026-07-24,ZaiNAb3857,Mouse,150000,3,failed
1338,2026-08-25,matEO4Z8Qh8,Laptop,10000000,5,refunded
1339,2026-08-16,ngozi5008,Monitor,2500000,5,paid
1340,2026-04-27,eLIJ8aHGFlHG,Mouse,150000,1,cancelled
1341,2026-07-22,WA5TANaBE7079,Laptop,10000000,1,paid
1342,2026-04-02,si4ngH6JRF,Laptop,10000000,3,cancelled
1343,2026-03-07,suZUKINr2,Monitor,-2500000,1,cancelled
1344,2026-05-04,AMAyy8dS,Mouse,150000,2,paid
1345,2026-04-06,KumAr5851,Monitor,2500000,5,cancelled
1346,2026-08-11,mIKHAIl_904,SSD,900000,5,failed
1347,2026-05-14,hAnS_037,RAM,800000,2,cancelled
1348,2026-08-02,ZaKI9643,Laptop,10000000,2,refunded
1349,2026-06-19,MariA1547,Laptop,10000000,0,refunded
1350,2026-05-06,T5hiagO_016,Keyboard,500000,0,pending
1351,2026-06-23,AISha570,Laptop,10000000,3,cancelled
1352,2026-04-05,WEi77,Webcam,300000,1,paid
1353,2026-05-12,devi4063,Headset,450000,5,cancelled
1354,2026-06-21,ma4RIaQI2Xh,SSD,900000,2,pending
1355,2026-06-13,oLgA_500,Keyboard,500000,1,pending
1356,2026-03-23,EMmA7529,Laptop,10000000,5,refunded
1357,2026-06-25,jiAN7293,Printer,3500000,2,refunded
1358,2026-08-13,gUpTAE9ej,HDD,700000,3,pending
1359,2026-03-01,ngozI_303,RAM,800000,3,pending
1360,2026-07-12,mANUEl5149,SSD,900000,4,paid
1361,2026-05-19,ELiJ7Ah_316,Headset,450000,0,pending
1362,2026-04-18,NgO5zIzM,RAM,800000,2,pending
1363,2026-07-21,SABine_346,HDD,700000,3,cancelled
1364,2026-05-25,NgO8ZI_757,Webcam,300000,3,refunded
1365,2026-03-31,asepyYUq,Mouse,150000,0,refunded
1366,2026-05-08,cH2ArLOttE_025,Monitor,2500000,5,failed
1367,2026-08-27,amASyQ,RAM,800000,5,failed
1368,2026-03-08,liAM_534,Laptop,-10000000,5,failed
1369,2026-04-02,wataNaBE2_703,RAM,800000,2,paid
1370,2026-03-24,VALE8NtINA4022,SSD,900000,4,refunded
1371,2026-03-19,SU1SAnNEVd8,Printer,3500000,1,pending
1372,2026-05-30,faNG2275,Webcam,300000,0,failed
1373,2026-08-15,IVaN2t,Laptop,10000000,0,cancelled
1374,2026-08-07,jIaN_434,HDD,700000,5,refunded
1375,2026-03-05,cAmiLAo1cKj,Headset,450000,3,failed
1376,2026-04-29,TaNAka7bd,Keyboard,500000,4,cancelled
1377,2026-08-24,sATO1576,Printer,3500000,3,failed
1378,2026-04-25,CiTrA70489,Printer,3500000,2,pending
1379,2026-03-28,sHaRmA3743,Monitor,2500000,2,refunded
1380,2026-07-29,z1AkI2760,Keyboard,500000,2,paid
1381,2026-08-25,cItRa1101,RAM,800000,2,failed
1382,2026-04-16,lEe_472,RAM,800000,5,refunded
1383,2026-07-24,GUpTaX1Oj,Mouse,150000,2,paid
1384,2026-06-08,oMaraf,Monitor,2500000,3,pending
1385,2026-04-03,AVa_997,RAM,800000,4,cancelled
1386,2026-06-16,YoussE2fdtjW,Laptop,10000000,3,refunded
1387,2026-06-01,A5Hmed5120,Printer,3500000,5,refunded
1388,2026-03-17,TAO5483,RAM,800000,5,refunded
1389,2026-05-18,ITo_924,Headset,-450000,1,pending
1390,2026-03-14,BaBatundE_347,Printer,3500000,2,paid
1391,2026-04-08,Wei1203,HDD,700000,4,failed
1392,2026-07-12,Asep6703,Webcam,300000,5,pending
1393,2026-08-10,SHarma_043,SSD,900000,1,refunded
1394,2026-06-27,zainaBjJ5h,Mouse,150000,3,cancelled
1395,2026-05-21,mIn346,SSD,900000,1,failed
1396,2026-04-02,MINi0YFq,HDD,700000,5,refunded
1397,2026-06-21,Le3i9081,SSD,900000,4,refunded
1398,2026-08-18,vAlerIaLlv,Webcam,300000,2,refunded
1399,2026-06-25,AhmeD_928,HDD,-700000,3,refunded
1400,2026-08-19,kiMt8,Printer,3500000,2,paid
1401,2026-08-25,MoNiKAbxaLI,Mouse,150000,1,pending
1402,2026-04-23,guptaj9,HDD,700000,1,cancelled
1403,2026-08-11,bABATUNDetbT,Headset,450000,4,paid
1404,2026-05-06,cHUKWU_210,RAM,800000,1,paid
1405,2026-05-24,antonIoGr2m8,Webcam,300000,0,failed
1406,2026-03-07,AiSha_816,HDD,700000,4,paid
1407,2026-04-07,DIEtE1RGFpDe,Keyboard,500000,5,paid
1408,2026-04-14,liAm_852,Laptop,10000000,3,cancelled
1409,2026-04-08,CaMiLA961B,Keyboard,500000,1,pending
1410,2026-04-30,jeO0NggpL,HDD,700000,3,paid
1411,2026-08-04,Kwa1mE_360,Printer,3500000,5,pending
1412,2026-03-21,TANaKaAJigD,Keyboard,500000,3,refunded
1413,2026-08-13,IvanAxwR6V,Headset,450000,4,cancelled
1414,2026-08-02,taKAHasHI54132,Mouse,150000,1,pending
1415,2026-05-21,LEIZDA,Webcam,300000,2,cancelled
1416,2026-04-01,ava9238,Printer,3500000,1,cancelled
1417,2026-07-15,haNS6271,RAM,800000,1,pending
1418,2026-07-14,Pa3TeL4T7lu,Webcam,300000,1,paid
1419,2026-08-15,leE5Tt3E,SSD,900000,4,paid
1420,2026-03-12,kUmAR_7444,Headset,450000,4,pending
1421,2026-06-16,aIshaoPqN,Laptop,10000000,4,refunded
1422,2026-04-13,THIaGo7744,Printer,3500000,0,refunded
1423,2026-07-16,iSABel4534,Keyboard,500000,3,paid
1424,2026-03-12,ALi4679,RAM,800000,2,paid
1425,2026-08-27,sUSAnnE4y61,SSD,900000,2,refunded
1426,2026-03-27,MAtEo3207,Mouse,150000,3,pending
1427,2026-05-17,CHoi8_343,Mouse,150000,4,cancelled
1428,2026-08-15,fitRI17323,Headset,450000,2,cancelled
1429,2026-08-28,AISHa5078,RAM,800000,4,pending
1430,2026-05-22,BUD2i6574,Headset,450000,1,cancelled
1431,2026-07-30,eLijAH_189,RAM,800000,1,pending
1432,2026-04-04,Va5LEriaV9,Keyboard,500000,4,cancelled
1433,2026-06-25,shARma_125,Headset,450000,0,paid
1434,2026-03-21,OMar_659,Keyboard,500000,5,refunded
1435,2026-05-11,DmITrY31329,SSD,900000,4,pending
1436,2026-08-01,CAmiLlE1290,Mouse,150000,4,pending
1437,2026-03-10,d6EvIZFf,Webcam,300000,4,cancelled
1438,2026-04-13,kuMAR8210,Webcam,300000,4,paid
1439,2026-05-12,camIL9LE3283,SSD,900000,0,refunded
1440,2026-03-21,valERiA_649,Keyboard,500000,2,paid
1441,2026-08-27,A5mInaPgj,Keyboard,500000,4,cancelled
1442,2026-03-23,Kim_2798,Headset,450000,5,paid
1443,2026-06-10,LEEmAoEF,Printer,3500000,3,pending
1444,2026-07-12,ElIjAHcoA,Keyboard,500000,3,pending
1445,2026-08-18,cHUk4Wu_310,SSD,900000,5,paid
1446,2026-06-02,KwAme8968,Printer,3500000,1,failed
1447,2026-06-23,maTiAs9469,RAM,800000,1,pending
1448,2026-06-10,kIM6546,HDD,700000,1,cancelled
1449,2026-04-21,elen1aej,RAM,800000,2,paid
1450,2026-04-05,aNA676,SSD,900000,4,paid
1451,2026-06-24,cHoi5815,Mouse,150000,5,refunded
1452,2026-07-18,peteR1Pgx,RAM,800000,1,failed
1453,2026-08-20,Fang9647,Printer,3500000,2,paid
1454,2026-03-10,LUc9416,Laptop,10000000,5,cancelled
1455,2026-05-24,Ama32954,Mouse,150000,0,pending
1456,2026-04-06,aNNa_135,RAM,800000,2,failed
1457,2026-03-05,xi8uXp,Mouse,150000,2,refunded
1458,2026-07-26,E4KO_819,SSD,900000,0,cancelled
1459,2026-04-23,mikHAi9Lw9mH,Mouse,150000,3,refunded
1460,2026-07-24,liAM_722,SSD,900000,3,cancelled
1461,2026-03-02,JUAn5945,Printer,3500000,1,refunded
1462,2026-07-03,FiTri28645,Printer,3500000,1,cancelled
1463,2026-07-07,mikHAilkB0Z,HDD,700000,5,refunded
1464,2026-05-29,MonIKa3128,Keyboard,500000,4,failed
1465,2026-04-17,ManUEL6761,Webcam,300000,2,pending
1466,2026-03-22,cHarloTTE_444,RAM,800000,3,cancelled
1467,2026-05-20,JuAn_633,Keyboard,500000,3,cancelled
1468,2026-04-30,eRIKa92819,Monitor,2500000,3,refunded
1469,2026-08-01,pATELhxBu,SSD,900000,0,failed
1470,2026-06-23,VAlErIA985,SSD,900000,0,failed
1471,2026-07-25,WaTANaBE_451,Monitor,2500000,1,pending
1472,2026-07-04,huI_2332,RAM,800000,2,refunded
1473,2026-06-18,ana1376,HDD,700000,2,failed
1474,2026-07-07,FAtiMaf2XM,Mouse,150000,4,pending
1475,2026-07-25,mARIe46612,Mouse,150000,4,cancelled
1476,2026-08-30,SHARmA5071,Mouse,150000,5,pending
1477,2026-06-02,Yous1SEF_239,SSD,900000,5,refunded
1478,2026-06-10,sergEy_742,Keyboard,500000,3,cancelled
1479,2026-05-23,CaM2illE9895,SSD,900000,4,refunded
1480,2026-08-19,fang_4501,HDD,700000,4,failed
1481,2026-03-05,eko929,RAM,800000,2,pending
1482,2026-07-12,MARIaMMh,Webcam,300000,5,pending
1483,2026-05-03,Ahm0eDQz,RAM,800000,5,cancelled
1484,2026-07-02,caR3mENZDDo,RAM,800000,1,refunded
1485,2026-06-06,liAM_491,Mouse,150000,5,cancelled
1486,2026-05-06,oL1GaQpXq,Monitor,2500000,1,cancelled
1487,2026-03-02,faNG9969,Mouse,150000,0,paid
1488,2026-04-19,sINGh_349,Printer,3500000,4,cancelled
1489,2026-08-13,Ngozi2351,Keyboard,500000,2,cancelled
1490,2026-07-31,FItrIdQ,Webcam,300000,3,paid
1491,2026-03-16,tANAkA_797,Webcam,300000,1,refunded
1492,2026-08-01,erikA79577,Keyboard,500000,4,paid
1493,2026-05-08,chuKWU_279,RAM,800000,5,paid
1494,2026-05-21,JIAN4999,RAM,800000,1,refunded
1495,2026-08-19,CarmEn600,Headset,450000,3,refunded
1496,2026-03-30,vAlenTINa_813,HDD,700000,1,pending
1497,2026-07-19,MAria48,HDD,700000,4,failed
1498,2026-03-21,oLGAYX8G3,Printer,3500000,5,refunded
1499,2026-04-07,Ali2998,Webcam,300000,3,cancelled
1500,2026-07-14,LeipaD,Keyboard,500000,3,pending
1501,2026-06-03,ADEBAYo4040,SSD,900000,4,pending
1502,2026-06-16,HanSCogw,Laptop,10000000,2,pending
1503,2026-08-26,peTerGIpY,Monitor,2500000,0,failed
1504,2026-03-11,DaS7035,Keyboard,500000,3,failed
1505,2026-05-02,VAlEnTIna_377,Laptop,10000000,2,paid
1506,2026-04-25,saNTIAGo5028,Printer,3500000,0,refunded
1507,2026-08-17,JuliE5022,Printer,3500000,1,failed
1508,2026-06-08,SaTo5762,RAM,800000,4,cancelled
1509,2026-08-06,maTeo6bOM,Webcam,300000,3,paid
1510,2026-06-01,TaODMIU,Monitor,2500000,4,pending
1511,2026-04-08,DIA9N_838,Headset,450000,2,refunded
1512,2026-04-12,oMa9RuF,Monitor,2500000,3,failed
1513,2026-07-11,dMITrY4727,Monitor,2500000,1,pending
1514,2026-08-21,annA_736,SSD,900000,0,refunded
1515,2026-07-06,devIRqmiJ,Monitor,2500000,4,paid
1516,2026-04-16,LUC_080,HDD,700000,3,refunded
1517,2026-08-30,ekOsdnG,HDD,700000,5,failed
1518,2026-05-19,ci7TraqC,Monitor,2500000,3,paid
1519,2026-08-29,ali_955,Mouse,150000,5,cancelled
1520,2026-08-11,m1atIAs9528,SSD,900000,5,failed
1521,2026-08-13,PaRkkq,Headset,450000,5,cancelled
1522,2026-06-26,AminAKKJ,RAM,800000,2,pending
1523,2026-07-13,EliJAh7Ir1z,Mouse,150000,0,cancelled
1524,2026-05-30,OlGAkUc,Headset,450000,3,refunded
1525,2026-06-14,MaRiA9xJo3,RAM,800000,0,failed
1526,2026-08-27,Fang9865,Printer,3500000,1,pending
1527,2026-06-11,AlI77944,Headset,450000,4,cancelled
1528,2026-03-17,cAmILAxwoe,Laptop,10000000,5,paid
1529,2026-04-02,DIan6212,SSD,900000,4,refunded
1530,2026-08-17,wEiLwxws,Mouse,150000,2,failed
1531,2026-04-05,DiAN7810,Webcam,300000,2,paid
1532,2026-06-15,pIERRe_789,Printer,3500000,3,paid
1533,2026-05-19,CHO_142,Monitor,2500000,3,paid
1534,2026-04-11,olgA_938,Headset,450000,3,refunded
1535,2026-07-11,SUZuKIQB,Printer,3500000,5,cancelled
1536,2026-04-16,MOnIka_456,Monitor,2500000,5,cancelled
1537,2026-07-24,KumAr_758,RAM,800000,5,refunded
1538,2026-05-11,fatIMalmuyK,Mouse,150000,2,paid
1539,2026-06-06,FANG7419,SSD,900000,3,failed
1540,2026-04-25,URSULA118,Monitor,2500000,3,refunded
1541,2026-05-11,xIUGQ9TX,Monitor,2500000,2,failed
1542,2026-06-20,jeAn_2469,RAM,800000,5,paid
1543,2026-04-23,hANs_762,HDD,700000,2,pending
1544,2026-06-24,LIAMvJF,Printer,3500000,4,cancelled
1545,2026-03-13,ALiFK6U,RAM,800000,3,paid
1546,2026-06-06,saNtiAgo_112,Monitor,2500000,3,refunded
1547,2026-07-19,jEOng_371,RAM,800000,2,pending
1548,2026-03-19,LUC_741,Monitor,2500000,2,failed
1549,2026-07-02,OlGAac,SSD,900000,2,cancelled
1550,2026-08-23,DietER4297,Printer,-3500000,5,failed
1551,2026-05-21,elIJah28551,Webcam,300000,3,paid
1552,2026-07-07,M6aTIaS4492,Monitor,2500000,1,cancelled
1553,2026-04-28,zainAb_475,Monitor,2500000,2,failed
1554,2026-03-21,SABin6E8B,Monitor,2500000,5,failed
1555,2026-05-31,diAN_280,RAM,800000,1,cancelled
1556,2026-06-23,AMIna_115,Laptop,10000000,4,cancelled
1557,2026-03-16,park_6308,Webcam,300000,2,failed
1558,2026-06-03,tAnAKa15516,Headset,450000,4,paid
1559,2026-05-24,Dian48682,Webcam,300000,1,refunded
1560,2026-04-05,ALiJdkZQ,Webcam,300000,0,cancelled
1561,2026-04-23,cho_753,SSD,900000,1,cancelled
1562,2026-03-19,sabine_969,HDD,700000,3,refunded
1563,2026-07-16,kwaMePsHv7,Printer,3500000,0,cancelled
1564,2026-04-01,emmA153,Webcam,300000,5,refunded
1565,2026-08-03,AdEbaYo_776,Mouse,150000,4,refunded
1566,2026-04-21,ANToNIoqh,Webcam,300000,1,pending
1567,2026-05-15,mIn_964,RAM,800000,5,failed
1568,2026-03-20,aVA_395,Printer,3500000,0,pending
1569,2026-07-06,aMAjp,Keyboard,500000,5,pending
1570,2026-07-29,nATalIAWPW36,Keyboard,500000,3,cancelled
1571,2026-08-01,IvAn20493,RAM,800000,4,failed
1572,2026-05-26,CHoiHS9S,Headset,450000,0,failed
1573,2026-05-28,CHUkwU6169,RAM,800000,0,refunded
1574,2026-07-18,AnAhmHx,HDD,700000,4,failed
1575,2026-08-19,cAMIl9LE3228,Headset,450000,3,pending
1576,2026-07-15,LEI_746,Printer,3500000,2,paid
1577,2026-06-30,OliveReZdgf,Webcam,300000,4,cancelled
1578,2026-04-07,KimhPza,Headset,450000,3,refunded
1579,2026-07-19,santIagO48929,RAM,800000,1,paid
1580,2026-07-27,shARMA7538,Printer,3500000,1,pending
1581,2026-08-17,ERikA_317,Mouse,150000,1,refunded
1582,2026-08-04,nA2taLia_541,Keyboard,500000,3,cancelled
1583,2026-08-13,D1MitrY9585,Headset,450000,4,refunded
1584,2026-08-20,EKo7196,Headset,450000,3,cancelled
1585,2026-07-08,mIn4299,Keyboard,500000,0,paid
1586,2026-06-09,fI7triExCF,Mouse,150000,3,paid
1587,2026-08-16,ana3231,Mouse,150000,2,cancelled
1588,2026-08-22,uRSulaKRn,HDD,700000,2,cancelled
1589,2026-05-27,Olg4a_805,Webcam,300000,1,cancelled
1590,2026-07-01,KIm_136,SSD,900000,4,paid
1591,2026-05-04,kanGAu7y,Laptop,10000000,3,paid
1592,2026-06-16,baBAtunDE9_253,RAM,800000,3,refunded
1593,2026-07-23,DI3eter3786,Monitor,-2500000,3,failed
1594,2026-05-13,MIChEL_703,Headset,450000,4,refunded
1595,2026-07-10,An1NA_295,HDD,700000,1,cancelled
1596,2026-05-10,lEE4528,Mouse,150000,1,failed
1597,2026-06-12,LEipDR,SSD,900000,1,pending
1598,2026-06-27,KAur_795,Laptop,-10000000,5,pending
1599,2026-04-20,micHEluGqkf,Keyboard,500000,5,paid
1600,2026-06-18,DIan_981,RAM,800000,4,cancelled
1601,2026-03-18,JuLie_254,HDD,700000,2,refunded
1602,2026-06-02,josE0_322,Webcam,300000,1,pending
1603,2026-04-13,NgOzI1252,RAM,800000,3,paid
1604,2026-08-24,hanSSNjVi,Keyboard,500000,1,paid
1605,2026-07-28,OLIVeR4726,Monitor,2500000,0,refunded
1606,2026-06-17,NAt0ALIa_781,Mouse,150000,1,cancelled
1607,2026-03-28,ThIAGOFtsS,Laptop,-10000000,5,paid
1608,2026-04-21,SabInE_911,Printer,3500000,4,refunded
1609,2026-06-21,oLgaHU3t,RAM,800000,5,paid
1610,2026-06-18,DMiTry90181,Laptop,10000000,3,paid
1611,2026-05-21,ekO4261,SSD,900000,3,paid
1612,2026-06-09,ItoYWov,Printer,3500000,3,failed
1613,2026-06-14,dieTeR9540,Headset,450000,4,failed
1614,2026-04-21,singH2wb4,HDD,700000,2,failed
1615,2026-05-08,gUPTa66641,Monitor,2500000,1,failed
1616,2026-04-20,min1706,Printer,3500000,3,refunded
1617,2026-06-28,CITRaC8mY,Mouse,150000,1,paid
1618,2026-04-15,MarIa6633,Monitor,2500000,5,paid
1619,2026-06-29,ElENA3137,Monitor,2500000,2,refunded
1620,2026-06-02,aDeBaYo_1692,Webcam,300000,3,paid
1621,2026-03-14,OlgAdRI,Mouse,150000,4,pending
1622,2026-05-04,jEano1BS0Q,Webcam,300000,0,refunded
1623,2026-07-28,sophIert,Webcam,300000,1,pending
1624,2026-04-08,WAtanABE15271,SSD,900000,4,failed
1625,2026-04-04,mAnuEL9275,Webcam,300000,3,refunded
1626,2026-03-09,emmAO7R,Keyboard,500000,1,pending
1627,2026-07-04,OLIVer6961,RAM,-800000,0,failed
1628,2026-03-01,yaMamoTo_705,RAM,800000,2,refunded
1629,2026-03-30,sIngHar,Printer,3500000,2,refunded
1630,2026-05-07,dieTerSpnM4,Monitor,2500000,0,refunded
1631,2026-08-22,eKo_576,RAM,800000,4,cancelled
1632,2026-08-15,aSep7594,Laptop,10000000,4,paid
1633,2026-04-03,sABIne10731,RAM,800000,1,cancelled
1634,2026-03-02,hAns5191,SSD,900000,3,refunded
1635,2026-08-17,K2oFI7412,Keyboard,500000,0,refunded
1636,2026-04-25,aMInAtHd1J,Headset,450000,0,refunded
1637,2026-05-27,ChOm7bPK,HDD,700000,4,pending
1638,2026-07-07,EKoON,Laptop,10000000,4,paid
1639,2026-08-20,PARk_313,RAM,800000,2,refunded
1640,2026-06-15,oLIvIattJ,Printer,3500000,3,failed
1641,2026-03-29,MaRiam4238,HDD,700000,1,failed
1642,2026-03-14,el5ENa_545,Printer,3500000,1,pending
1643,2026-07-04,chOI9104,SSD,900000,5,pending
1644,2026-07-03,fItriLhy0c,Webcam,300000,3,failed
1645,2026-03-24,jEoNg_328,Keyboard,500000,0,refunded
1646,2026-05-22,ol2GA_856,Laptop,10000000,0,refunded
1647,2026-04-13,IVANwzE,Headset,450000,4,refunded
1648,2026-08-13,Y6OussEfLTDm,Webcam,300000,4,refunded
1649,2026-08-27,aISha2812,Printer,3500000,3,failed
1650,2026-06-06,jEoNg_247,Headset,450000,3,failed
1651,2026-08-19,erIkA7471,Headset,450000,3,refunded
1652,2026-05-31,peTERbxv,Printer,3500000,2,pending
1653,2026-07-31,XI7u1112,HDD,700000,5,failed
1654,2026-03-01,CItraB7zbp,Webcam,300000,1,pending
1655,2026-08-04,SAbiNe44784,SSD,900000,4,paid
1656,2026-03-20,KU4Mar150,Laptop,10000000,5,refunded
1657,2026-06-14,AISha8,Printer,3500000,3,paid
1658,2026-05-26,ELENAcPY,Headset,450000,4,pending
1659,2026-07-14,sHaRmA8662,SSD,-900000,2,paid
1660,2026-08-28,T6Ao6780,HDD,700000,1,failed
1661,2026-06-03,bU0diDW0ho,Webcam,300000,4,paid
1662,2026-07-22,TANAkA1488,Monitor,2500000,2,cancelled
1663,2026-03-03,mONIKa_152,Webcam,-300000,1,failed
1664,2026-07-21,JU2liE6943,RAM,800000,1,pending
1665,2026-08-12,MaTEO_465,RAM,800000,4,failed
1666,2026-05-21,dmitRy270,RAM,800000,1,failed
1667,2026-08-26,maTIAS_513,RAM,800000,3,cancelled
1668,2026-06-26,dAseU,Laptop,10000000,1,cancelled
1669,2026-03-17,vaLEntinA3030,Laptop,10000000,2,cancelled
1670,2026-04-16,anACe,Webcam,-300000,2,refunded
1671,2026-06-24,zain6AB_685,SSD,900000,5,pending
1672,2026-08-21,MIn_022,Keyboard,500000,2,cancelled
1673,2026-05-18,jUAN3O,SSD,900000,5,cancelled
1674,2026-08-03,KoFi07237,HDD,700000,5,failed
1675,2026-06-08,JIan7442,Printer,3500000,2,failed
1676,2026-06-15,adebAYO_010,Monitor,2500000,0,paid
1677,2026-04-19,valeRiA9583,SSD,900000,0,pending
1678,2026-03-20,aiShA_963,Monitor,2500000,2,failed
1679,2026-04-28,AdeBAYoAcc,SSD,900000,5,failed
1680,2026-05-18,aDebAYo9uNgwq,Keyboard,500000,5,paid
1681,2026-04-12,Anakd,Mouse,150000,5,refunded
1682,2026-04-09,dAs9107,Webcam,300000,2,cancelled
1683,2026-08-11,gu4PtA5284,HDD,700000,4,cancelled
1684,2026-08-14,wATANAbe2776,Webcam,300000,4,paid
1685,2026-06-18,NgOzins,SSD,900000,4,failed
1686,2026-08-19,ASeP9135,Webcam,300000,2,failed
1687,2026-07-27,s1HarMA_521,Mouse,150000,2,paid
1688,2026-06-17,ChOKw,RAM,800000,5,paid
1689,2026-04-23,LuC1035,HDD,700000,0,cancelled
1690,2026-07-27,URsUlA5118,Monitor,2500000,3,paid
1691,2026-05-02,YousseF_218,Printer,3500000,2,paid
1692,2026-06-30,MANueL8543,Monitor,2500000,0,paid
1693,2026-08-10,XiUY8S,Keyboard,500000,3,pending
1694,2026-04-22,moN9ika4981,Laptop,10000000,1,pending
1695,2026-05-02,ERIKa_143,Laptop,10000000,1,paid
1696,2026-03-15,MicHel_4465,Headset,450000,0,paid
1697,2026-03-10,SinGH42468,Monitor,2500000,2,pending
1698,2026-04-17,mICHel_7152,Headset,450000,5,failed
1699,2026-03-19,peter4270,Mouse,150000,1,failed
1700,2026-07-23,dmiTRy16193,Webcam,300000,1,pending
1701,2026-07-10,FitR4I_747,Monitor,2500000,2,cancelled
1702,2026-08-17,SabineDpWp,SSD,900000,3,refunded
1703,2026-03-29,jEONg2973,Keyboard,500000,2,refunded
1704,2026-05-28,bUDig5F,Headset,450000,3,refunded
1705,2026-07-19,TAKAHaShi_597,Keyboard,500000,4,paid
1706,2026-07-26,maTi0as_266,HDD,700000,0,pending
1707,2026-07-27,eLENa8_206,HDD,700000,1,refunded
1708,2026-08-04,ValenTINA_980,HDD,700000,4,paid
1709,2026-05-03,ivaN4646,Monitor,2500000,5,pending
1710,2026-04-29,Am5A7134,Printer,3500000,3,refunded
1711,2026-06-28,yousSEF5HAD,HDD,700000,1,failed
1712,2026-04-01,dMITRy_6379,Keyboard,500000,2,cancelled
1713,2026-04-22,OlgA6374,HDD,700000,0,cancelled
1714,2026-08-02,manuel4g,Keyboard,500000,2,failed
1715,2026-08-18,saTO0qzif3,Mouse,150000,2,pending
1716,2026-05-23,MOnIKApXQ,Mouse,150000,5,cancelled
1717,2026-06-20,kImk1w,HDD,700000,4,pending
1718,2026-05-18,mAtEoKBL,SSD,900000,4,cancelled
1719,2026-04-26,yAMAmOtOXwttP,Laptop,10000000,5,pending
1720,2026-03-14,al0i6Tv,HDD,700000,2,pending
1721,2026-05-11,oLIViA3217,Monitor,2500000,2,refunded
1722,2026-07-15,hANS77458,Webcam,300000,5,pending
1723,2026-07-24,CAMiLa6399,Printer,3500000,2,failed
1724,2026-06-03,eLEN0aZwO,RAM,800000,2,cancelled
1725,2026-05-11,A6isha_510,RAM,800000,3,failed
1726,2026-06-07,URsUlAsI8eU,Webcam,300000,2,paid
1727,2026-08-05,KimEKD,SSD,900000,4,pending
1728,2026-06-08,IVAn_734,Monitor,2500000,3,refunded
1729,2026-06-24,SAbiNe4K,Headset,450000,3,failed
1730,2026-06-29,sinGH_882,Laptop,10000000,1,paid
1731,2026-06-30,CHuKwU_9762,Laptop,10000000,4,pending
1732,2026-06-09,KImNWn,SSD,-900000,1,refunded
1733,2026-05-29,sing1hXJV,HDD,700000,1,refunded
1734,2026-06-13,AdeBayO7ww,Headset,450000,5,pending
1735,2026-03-18,DAs_062,HDD,700000,3,paid
1736,2026-06-21,adebAYoLb3,HDD,700000,1,pending
1737,2026-04-21,carMeN7068,Laptop,10000000,0,paid
1738,2026-07-08,MAt7ias_039,SSD,900000,3,cancelled
1739,2026-07-21,al6I_085,Printer,3500000,4,failed
1740,2026-07-18,nGOZIEYFf,Webcam,300000,2,cancelled
1741,2026-03-10,eLiJahuZw6f,SSD,900000,2,paid
1742,2026-03-30,saBiNE_413,Mouse,150000,4,failed
1743,2026-07-05,kAUr3570,Monitor,2500000,5,failed
1744,2026-08-29,ANTONIOAIWYu,Keyboard,-500000,4,paid
1745,2026-05-30,CAmiLLe_646,RAM,800000,2,paid
1746,2026-05-26,ASEp096,HDD,700000,3,paid
1747,2026-05-05,jIaN7378,Headset,450000,1,cancelled
1748,2026-04-13,JulIE351,Headset,450000,4,refunded
1749,2026-07-26,IsabeL_6282,SSD,900000,0,refunded
1750,2026-08-22,CaMIl1lEsr6S,Webcam,300000,0,failed
1751,2026-04-13,jeONg_675,Keyboard,500000,4,refunded
1752,2026-04-15,ELEnAtLrm,HDD,700000,3,paid
1753,2026-04-03,oliV1iA3375,HDD,-700000,2,cancelled
1754,2026-06-04,ad1EBAYOZ5Kt,Mouse,150000,3,failed
1755,2026-07-23,eKOTcm,Laptop,10000000,5,paid
1756,2026-08-03,TanAKaSESN,SSD,900000,1,paid
1757,2026-08-02,WatAnABE_994,RAM,800000,1,paid
1758,2026-08-03,JUan_637,Keyboard,500000,4,paid
1759,2026-04-12,ShArMah9L2,RAM,800000,5,pending
1760,2026-03-11,ValENTInA_215,Mouse,150000,1,paid
1761,2026-07-09,SaBINevxK,Webcam,300000,4,pending
1762,2026-06-17,seRgEy_4540,Mouse,150000,5,cancelled
1763,2026-06-25,NATAlIa449,Keyboard,500000,4,refunded
1764,2026-06-17,BaBAtUndE576,Keyboard,500000,3,cancelled
1765,2026-08-13,ValeRia_043,Laptop,10000000,5,refunded
1766,2026-05-22,OlgaCEE2y,Monitor,2500000,2,cancelled
1767,2026-07-11,AIS3HAO0,HDD,700000,3,paid
1768,2026-05-14,LUC1220,Keyboard,500000,4,pending
1769,2026-04-19,je6oNg_022,Laptop,10000000,3,cancelled
1770,2026-04-16,eliJAH_097,Laptop,10000000,1,paid
1771,2026-04-06,SaTo_560,Keyboard,500000,3,failed
1772,2026-06-14,BUDI115,Laptop,-10000000,1,failed
1773,2026-04-26,erikadRi,Headset,450000,4,paid
1774,2026-06-23,avA_156,SSD,900000,4,pending
1775,2026-07-16,WaTanaBE_0505,Laptop,-10000000,4,cancelled
1776,2026-07-31,TanaKA1865,Headset,450000,1,refunded
1777,2026-06-27,JeONGq3,Monitor,2500000,2,paid
1778,2026-07-09,KofI0vCt4,Webcam,300000,1,paid
1779,2026-07-17,anToNIOVYClc,SSD,900000,4,pending
1780,2026-07-26,klAus8644,RAM,800000,5,failed
1781,2026-08-01,sophiEAZl,HDD,700000,5,failed
1782,2026-07-19,SINGh6134,Webcam,300000,4,refunded
1783,2026-04-15,Klauscf3LC,SSD,900000,1,refunded
1784,2026-04-06,KAur_5646,Headset,450000,5,paid
1785,2026-06-06,Patel7OaMxK,Laptop,10000000,1,cancelled
1786,2026-06-14,NaTalIA9455,Mouse,150000,2,failed
1787,2026-06-29,fANg3531,Monitor,-2500000,4,refunded
1788,2026-05-03,aiShA91642,Headset,450000,3,paid
1789,2026-07-13,oLiVIADvjQW,Printer,3500000,2,pending
1790,2026-04-01,Om2aR_034,Mouse,150000,5,failed
1791,2026-08-31,KANG0O,Webcam,300000,4,failed
1792,2026-03-26,kim_809,Mouse,150000,1,pending
1793,2026-06-18,sAbIne98124,RAM,800000,1,failed
1794,2026-08-17,jeonG6xC9e,SSD,900000,4,paid
1795,2026-07-24,ki7M5102,Headset,450000,5,cancelled
1796,2026-03-14,PIeRre9BwBT,HDD,700000,0,failed
1797,2026-07-21,luc104,Webcam,300000,1,cancelled
1798,2026-05-05,EriKa87891,Printer,3500000,4,refunded
1799,2026-08-09,d6EvI_648,RAM,800000,1,paid
1800,2026-06-15,eMMa_559,Monitor,2500000,2,cancelled
1801,2026-05-27,WATANAbec7mou,Mouse,150000,2,refunded
1802,2026-06-18,vaL4eNtiNA1297,Webcam,300000,3,pending
1803,2026-07-13,dEVimje,Keyboard,500000,2,pending
1804,2026-07-14,L8iam3530,Laptop,10000000,4,failed
1805,2026-08-26,ivaN8964,Mouse,150000,3,failed
1806,2026-06-15,JOSE_792,RAM,800000,3,cancelled
1807,2026-08-15,budi2510,Webcam,300000,4,refunded
1808,2026-06-21,AiS0hA_651,Monitor,2500000,3,refunded
1809,2026-08-26,anToNIO965,Webcam,300000,5,refunded
1810,2026-06-04,SOphIeIk3,Headset,450000,5,refunded
1811,2026-05-04,MoNIKA_345,Keyboard,-500000,3,failed
1812,2026-08-07,mAnuEl_377,Monitor,2500000,0,pending
1813,2026-06-16,DAs4CjYy,Monitor,2500000,1,failed
1814,2026-05-03,URSuLA_534,Mouse,150000,4,paid
1815,2026-05-11,SUsaNNE94,HDD,700000,4,refunded
1816,2026-06-21,SUsANNE9166,Laptop,10000000,4,paid
1817,2026-03-13,m8OniKA0ul,Headset,450000,5,pending
1818,2026-03-25,faNg5X,RAM,800000,5,refunded
1819,2026-04-11,sOphiE_790,Monitor,2500000,0,failed
1820,2026-07-06,aMiNA1109,HDD,700000,5,failed
1821,2026-08-15,XIUQJ,RAM,800000,2,paid
1822,2026-04-12,NGozI_0674,Headset,450000,5,cancelled
1823,2026-05-03,kUmAR553,Keyboard,500000,5,pending
1824,2026-03-13,jIANEqUEq,Keyboard,500000,1,failed
1825,2026-06-30,Asep_678,SSD,900000,0,cancelled
1826,2026-04-17,OMAr_223,RAM,800000,4,paid
1827,2026-07-25,aMiNa_499,HDD,700000,5,cancelled
1828,2026-03-22,joSe_0330,Printer,3500000,2,cancelled
1829,2026-06-17,MAN1uel_462,Laptop,10000000,1,paid
1830,2026-07-08,ci8Tra631,Monitor,2500000,0,pending
1831,2026-07-23,CHo_117,Monitor,2500000,3,cancelled
1832,2026-07-24,URSulA1711,Laptop,10000000,4,paid
1833,2026-03-23,KiMAUS95z,Laptop,10000000,1,cancelled
1834,2026-04-18,aVAFWaI,Headset,450000,4,paid
1835,2026-04-19,LEE5484,Webcam,300000,3,refunded
1836,2026-06-01,thiaGOkA,Monitor,2500000,0,paid
1837,2026-06-20,iTo4LPk,Keyboard,500000,5,cancelled
1838,2026-08-18,tAkaHAShItmG97C,Monitor,2500000,0,failed
1839,2026-08-05,dIAN_757,HDD,700000,4,paid
1840,2026-07-19,MaTeO5610,SSD,-900000,2,failed
1841,2026-06-21,Ko9fiWm,Printer,3500000,5,cancelled
1842,2026-03-10,LiAM_413,Mouse,150000,4,refunded
1843,2026-05-15,XiU4472,Webcam,300000,3,paid
1844,2026-06-28,ad1EbaYojlrI,Webcam,300000,3,paid
1845,2026-08-27,ZAK9i7835,HDD,700000,4,failed
1846,2026-06-19,p0eterrAiwA,Monitor,2500000,2,refunded
1847,2026-03-10,DaS_2513,Mouse,-150000,3,pending
1848,2026-03-09,MiChe9L_039,Laptop,10000000,3,pending
1849,2026-03-24,Hanss612,Mouse,150000,4,paid
1850,2026-08-20,KlaUS_6317,HDD,700000,2,paid
1851,2026-06-14,budI_940,Webcam,300000,2,refunded
1852,2026-08-17,eko_869,Webcam,300000,5,refunded
1853,2026-05-07,SharmA_212,SSD,900000,0,paid
1854,2026-05-30,IvaN1427,Laptop,10000000,3,refunded
1855,2026-05-29,monika_967,Keyboard,500000,3,cancelled
1856,2026-07-04,eliJAhhR5pz,Monitor,2500000,3,cancelled
1857,2026-06-09,dIAN_8337,Laptop,10000000,5,pending
1858,2026-07-30,MaTiaS1561,Webcam,300000,3,refunded
1859,2026-08-22,leI_900,HDD,700000,1,refunded
1860,2026-03-16,NoA0H_059,HDD,700000,2,cancelled
1861,2026-04-30,PIerreFaf2E,Printer,3500000,4,refunded
1862,2026-07-15,CAr4meN_113,Mouse,150000,4,pending
1863,2026-04-23,omaRpkduG,SSD,900000,4,cancelled
1864,2026-06-18,Ursula_6898,Headset,450000,4,paid
1865,2026-08-28,LIam9479,Headset,450000,5,pending
1866,2026-03-31,aDEBAyo2263,SSD,900000,4,refunded
1867,2026-07-04,DaS_6513,Headset,450000,1,paid
1868,2026-05-06,zaInABrBYot,Printer,3500000,4,failed
1869,2026-05-16,LIAMgQ9j,HDD,700000,5,refunded
1870,2026-05-13,jiAn22181,Monitor,2500000,4,paid
1871,2026-03-11,avA5843,Keyboard,500000,2,cancelled
1872,2026-05-12,va1LENTInA4022,Laptop,10000000,1,failed
1873,2026-06-01,z3AKi_754,Headset,450000,5,refunded
1874,2026-03-02,das4020,SSD,900000,1,refunded
1875,2026-03-20,gUPTa8551,RAM,800000,2,failed
1876,2026-03-12,MIKHAiLyE,Webcam,300000,2,pending
1877,2026-06-30,ivAnkd,Monitor,2500000,0,paid
1878,2026-08-15,aseP_689,SSD,900000,5,failed
1879,2026-05-29,TakaHA0sHI4401,HDD,700000,2,refunded
1880,2026-04-03,kuMArCsLJ4O,SSD,900000,0,cancelled
1881,2026-07-21,juaN8128,Keyboard,500000,5,failed
1882,2026-08-24,AHMedCud,Keyboard,500000,1,paid
1883,2026-07-14,matIas13091,Printer,3500000,1,cancelled
1884,2026-04-28,pe5TeR_714,Webcam,300000,2,paid
1885,2026-08-15,KauR8119,Headset,450000,2,paid
1886,2026-05-30,Lei_810,SSD,900000,4,paid
1887,2026-08-14,kiM_5409,Mouse,150000,3,pending
1888,2026-03-23,DaS1890,Keyboard,500000,3,paid
1889,2026-03-17,koFI2153,Laptop,10000000,2,pending
1890,2026-03-29,e4RIKa_374,Headset,450000,1,refunded
1891,2026-04-12,KOfip0DeR,Headset,450000,5,cancelled
1892,2026-03-27,FiTR6ihgEm,HDD,700000,4,paid
1893,2026-06-02,kAur28666,Webcam,300000,2,cancelled
1894,2026-08-04,YAmaMOTo183,Printer,3500000,2,cancelled
1895,2026-04-04,OliV3erpzh,Webcam,300000,1,failed
1896,2026-07-10,TANAka_263,HDD,700000,2,failed
1897,2026-04-14,daS_059,Laptop,10000000,3,pending
1898,2026-08-30,NOAh_694,Keyboard,500000,1,failed
1899,2026-03-25,SuSaNne4618,Mouse,150000,2,pending
1900,2026-08-23,ManUeL8009,Laptop,10000000,2,cancelled
1901,2026-07-04,m1oNIKAjo,Laptop,10000000,4,refunded
1902,2026-08-25,MIn_223,Mouse,150000,2,refunded
1903,2026-08-21,aSEPcaL,Printer,3500000,1,cancelled
1904,2026-08-31,KOFIi07EL,HDD,700000,5,pending
1905,2026-06-11,sinGH_162,Printer,3500000,4,pending
1906,2026-05-31,SuSAnNE1339,Keyboard,500000,5,cancelled
1907,2026-05-09,PATeLl69gK,Headset,450000,1,pending
1908,2026-05-09,MIkHaIL_670,SSD,900000,2,pending
1909,2026-06-26,wATANABE2498,Mouse,150000,3,refunded
1910,2026-06-06,VAleRIa_415,SSD,900000,3,refunded
1911,2026-07-12,Juan_400,Headset,450000,2,paid
1912,2026-07-10,ANTOnIo_945,SSD,900000,5,failed
1913,2026-08-15,wEI_3430,Printer,3500000,5,failed
1914,2026-05-08,PaRkLlP,Headset,450000,4,failed
1915,2026-05-24,iv7AN5835,RAM,800000,2,pending
1916,2026-03-05,xIu14634,Laptop,10000000,2,paid
1917,2026-04-03,fa5TIMa908,Printer,3500000,5,paid
1918,2026-06-05,ZaKI5595,Headset,450000,1,paid
1919,2026-06-27,CamIL9Le_858,Mouse,-150000,1,failed
1920,2026-06-06,EleNaVcT,HDD,700000,3,paid
1921,2026-04-11,S1iNGh_771,Monitor,2500000,1,cancelled
1922,2026-06-24,MaRIE1293,Webcam,300000,4,cancelled
1923,2026-03-11,X2iU2872,RAM,800000,2,refunded
1924,2026-04-15,NoAH_420,SSD,900000,5,refunded
1925,2026-03-21,LeE_549,Webcam,300000,3,refunded
1926,2026-06-16,nGOZI6862,Keyboard,500000,1,failed
1927,2026-05-13,ana_598,Webcam,300000,2,paid
1928,2026-04-01,SANtiagO_014,SSD,900000,3,pending
1929,2026-07-19,aiSha5026,RAM,800000,5,failed
1930,2026-06-24,w5Ei4379,Mouse,150000,2,refunded
1931,2026-05-25,AMiNA6331,Laptop,10000000,3,failed
1932,2026-04-14,AIS5HA_158,Webcam,300000,1,paid
1933,2026-07-17,Ana_317,Mouse,150000,5,paid
1934,2026-07-26,OLGA8034,HDD,700000,5,paid
1935,2026-06-12,lEE_133,SSD,900000,4,refunded
1936,2026-05-03,fItrI07pt,Keyboard,500000,0,cancelled
1937,2026-08-01,SusaNNE3588,Monitor,2500000,3,cancelled
1938,2026-06-08,PIERreril,Laptop,10000000,0,failed
1939,2026-07-11,sERgey_960,Webcam,300000,3,refunded
1940,2026-04-06,eRiKagyp,Webcam,300000,1,paid
1941,2026-08-18,mAtiAS1242,Headset,450000,2,failed
1942,2026-07-04,buDi_250,Headset,450000,2,paid
1943,2026-06-17,paTEl1s,Laptop,10000000,3,refunded
1944,2026-05-11,MONiKAUV3A,Printer,3500000,3,paid
1945,2026-08-24,MARiA_450,Laptop,10000000,5,paid
1946,2026-05-12,MARIaM_6285,Webcam,300000,0,pending
1947,2026-04-28,MArIA3818,Monitor,2500000,1,failed
1948,2026-06-25,Kwam8e4272,Monitor,2500000,1,failed
1949,2026-04-02,olIVIa381,Keyboard,500000,3,cancelled
1950,2026-05-15,iSABEl3_429,SSD,900000,1,pending
1951,2026-06-06,asep_615,RAM,800000,3,failed
1952,2026-05-03,koFi_4953,Keyboard,500000,3,paid
1953,2026-03-19,NOaH075,Headset,-450000,0,failed
1954,2026-08-24,fitrI_242,Headset,-450000,2,paid
1955,2026-06-13,ciTrau0s,HDD,700000,5,refunded
1956,2026-08-30,ASep4361,Keyboard,500000,4,paid
1957,2026-04-23,MAnUel0T3g,Monitor,2500000,0,paid
1958,2026-06-24,anA6017,Keyboard,500000,2,pending
1959,2026-07-07,ANtOnIo_198,Headset,450000,3,refunded
1960,2026-05-09,JEan4521,Mouse,150000,1,refunded
1961,2026-03-27,eRikAVW,Keyboard,500000,5,failed
1962,2026-05-18,AlI5lz,HDD,-700000,0,pending
1963,2026-06-29,CharLOTTe2803,RAM,800000,0,paid
1964,2026-06-11,AD0ebAYovAw,Webcam,300000,4,failed
1965,2026-08-12,PETeR8926,Printer,3500000,5,pending
1966,2026-05-28,PETEr3880,Laptop,-10000000,0,failed
1967,2026-07-18,SUzUKI8863,Monitor,2500000,5,cancelled
1968,2026-08-07,sUsAnNE853,SSD,-900000,4,paid
1969,2026-04-08,ThiagO1341,SSD,900000,5,paid
1970,2026-06-22,cAmILA4566,Mouse,150000,2,refunded
1971,2026-04-22,I2VAN_254,Laptop,10000000,4,refunded
1972,2026-04-11,jUlie_5014,Headset,450000,0,failed
1973,2026-06-05,TAO4497,Webcam,300000,3,failed
1974,2026-06-11,JeOng_481,RAM,800000,2,cancelled
1975,2026-06-12,nGozI599,HDD,700000,1,failed
1976,2026-06-24,O0Livia4988,HDD,700000,4,paid
1977,2026-06-29,WaTanaBE_849,Monitor,2500000,5,failed
1978,2026-08-07,ava3457,Monitor,2500000,1,failed
1979,2026-05-13,THiAg4oa1d,SSD,900000,2,refunded
1980,2026-06-19,hAnsIB,Printer,3500000,4,paid
1981,2026-03-13,xIU9452,Headset,450000,0,paid
1982,2026-04-28,valentInaHPEL,Printer,3500000,1,pending
1983,2026-07-27,Das4623,SSD,900000,1,cancelled
1984,2026-07-11,naTaliA6359,Keyboard,500000,1,pending
1985,2026-08-11,PAteL3_821,Printer,3500000,3,refunded
1986,2026-03-11,takahAshID1amk,Monitor,2500000,2,failed
1987,2026-05-25,KaUr_379,RAM,800000,3,cancelled
1988,2026-05-04,adEb1AyoWW1,Mouse,150000,1,failed
1989,2026-05-30,vaLENTinA_664,Laptop,10000000,1,cancelled
1990,2026-07-31,thIAGOWc,Webcam,300000,2,cancelled
1991,2026-08-31,budI_716,Webcam,300000,3,paid
1992,2026-05-07,alI4186,Monitor,2500000,4,pending
1993,2026-07-12,aiShA_069,Mouse,150000,2,failed
1994,2026-04-10,sInGh_071,HDD,700000,2,failed
1995,2026-07-03,ava1610,SSD,900000,0,pending
1996,2026-06-11,wAtANaBEc0qrj,SSD,900000,1,paid
1997,2026-04-05,CItR0a6448,Webcam,300000,5,failed
1998,2026-05-03,taNaka_5910,SSD,900000,1,failed
1999,2026-03-10,pIErRE23543,HDD,700000,3,pending
2000,2026-03-26,LeE_836,Webcam,300000,1,pending
2001,2026-08-10,dIdA-990,Printer,3500000,2,paid
2002,2026-08-09,CHolIs_778,Laptop,10000000,1,paid
2003,2026-08-06,FADILafIq_88223,Printer,3500000,1,paid
2004,2026-08-10,RaDIt_11923,Laptop,10000000,1,paid
2005,2026-08-10,ASEp_07899,Printer,3500000,6,paid
2006,2026-08-10,DiMAS-98172,Laptop,10000000,3,paid

